,Species,Opsin_Family,Accession,Lambda_Max,Prediction,Difference
S7,Anolis_carolinensis,LWS,U08131,561.0,554.2075574716212,-6.792442528378842
S63,lwsanc_pigmentz_sp.,LWS,lwsanc_pigmentz_V76A,532.0,532.0,0.0
S46,lwsanc_pigmenta_sp.,LWS,lwsanc_pigmenta,563.0,562.0571549976567,-0.942845002343347
S8,Columba_livia,LWS,AH007800.2,558.0,572.6168851936482,14.616885193648159
S62,lwsanc_pigmentz_sp.,LWS,lwsanc_pigmentz_H294N,533.0,532.0,-1.0
S85,lwsancestor_pigmentd,LWS,lwsancestor_pigmentd_S180A_T285A,536.0,536.9034430947385,0.9034430947384635
S73,Saimiri_sciureus,LWS,AH006282_I232F_S236G,546.0,545.1036892060694,-0.8963107939306383
S81,lwsancestor_pigmentd,LWS,lwsancestor_pigmentd_T285A,543.0,536.9034430947385,-6.0965569052615365
S87,lwsancestor_pigmentd,LWS,lwsancestor_pigmentd_H197Y_T285A,522.0,519.7224561052816,-2.2775438947184057
S13,Capra_hircus,LWS,AH006594.2,553.0,557.6358214946442,4.635821494644233
S50,lwsanc_pigmente_sp.,LWS,lwsanc_pigmente,558.0,553.0432931266474,-4.956706873352573
S37,Platynereis_dumerilii,LWS,AY692353.1_K94R,377.0,474.1850424225638,97.18504242256381
S17,Tursiops_truncatus,LWS,AF055457,524.0,525.2503393805104,1.2503393805103542
S26,Poecilia_reticulata,LWS1,AB748984,562.0,569.3858654015969,7.385865401596902
S84,lwsancestor_pigmentd,LWS,lwsancestor_pigmentd_ S180A_Y277F,545.0,549.8368608861507,4.836860886150703
