,Species,Opsin_Family,Accession,Lambda_Max,Prediction,Difference
S100,Danio_rerio,SWS2,AB087809.1_G109A,417.0,416.0484379119108,-0.9515620880891902
S113,Metriaclima_zebra,SWS2,DQ088649,423.0,432.34023266352307,9.340232663523068
S37,Carassius_auratus,SWS2,L11864,443.0,443.1398934277567,0.13989342775670366
S232,Mus_musculus,UVS,NP_031564.1_E113Q,360.0,359.0214016572549,-0.9785983427451015
S208,Mus_musculus,UVS,NP_031564.1_F46T,359.0,358.3092722531675,-0.6907277468325219
S214,Mus_musculus,UVS,NP_031564.1_L81F,359.0,355.12547371202146,-3.87452628797854
S50,Gallus_gallus,SWS,M92039_S84C_V85I,371.0,383.7845412185701,12.784541218570098
S250,Mus_musculus,UVS,AF190670.1_E113Q,351.0,358.3092722531675,7.309272253167478
S259,Ochotona_princeps,SWS1,XM_004592516,431.0,434.9740029413301,3.974002941330127
S215,Mus_musculus,UVS,NP_031564.1_F85L,359.0,404.2359132942572,45.235913294257216
S1,Cottus_gobio,SWS2,AJ430489.1,463.0,460.56164836010225,-2.4383516398977463
S285,Anolis_carolinensis,SWS2,AF133907_I46F_V49I_G164A_A269T,444.0,439.16583453246335,-4.83416546753665
S108,Carassius_auratus,SWS2,L11864.1_L116T,441.0,432.83959881040965,-8.160401189590345
S204,"Homo,Mus_sapiens,musculus",UVS,NP_031564.1_1_55-AH003620.2_56_92-NP_031564.1_93_346,381.0,401.0656023835866,20.065602383586622
S164,"swsanc3,Xenopus_sp.,laevis",UVS,NM_001085652.1_1_98-swsanc3_99_151-NM_001085652.1_152_347,408.0,389.90994333205714,-18.09005666794286
S253,Bos_taurus,SWS1,U92557.1_S90C,431.0,405.7851147209693,-25.214885279030682
S38,Anolis_carolinensis,SWS2,AF133907,437.0,438.72180938910896,1.7218093891089552
S3,Cottus_gobio,SWS2,AJ430489.1_T118G,452.0,460.56164836010225,8.561648360102254
S132,swsanc6_sp.,SWS,swsanc6_N149S,392.0,395.6601100489554,3.660110048955403
S98,Danio_rerio,SWS2,AB087809.1_K100N,417.0,416.0484379119108,-0.9515620880891902
S76,Carassius_auratus,SWS1,D85863.1_F86L,360.0,369.6882737458054,9.688273745805418
S34,Homo_sapiens,SWS1,AH003620.2,424.0,413.3836389979209,-10.616361002079088
S10,Anolis_carolinensis,SWS1,AH007736.2,358.0,358.45744880211356,0.45744880211356076
S252,Bos_taurus,SWS1,U92557.1_Y86F_I93T_T97A,361.0,382.8662517086618,21.86625170866182
S224,Mus_musculus,UVS,NP_031564.1_I146F,359.0,357.07315231418704,-1.9268476858129588
