Base Model R^2	MAE	MAPE	SQE	RSQE
0.8642017869308164	8.941321828902543	0.02231867582566798	184.9732447086555	13.600486929101306