,Accuracy,AUC,F1,Recall,Precision
gbc,0.8175087719298245,0.9644161993910313,0.81007792683627,0.815810758264783,0.8193554532326978
lg,0.8121929824561404,0.9636724907184959,0.8096063103745564,0.8166145145016662,0.819556421115864
xgb,0.8095263157894736,0.9629186983766177,0.8021406323874863,0.8086027750715058,0.8118509936056377
lgbm,0.8015964912280701,0.9643772466796765,0.7943686491283444,0.8003346794416455,0.804205109922757
rf,0.7817719298245615,0.9545516596671184,0.7736167690800622,0.781451524017778,0.7877822607762708
et,0.7712280701754385,0.923595720247104,0.7647777231712316,0.77177206665024,0.777161062192022
dt,0.7738245614035087,0.8843602045419147,0.7633659409028551,0.7727172331108864,0.7742950339993684
Adaboost,0.5539122807017545,0.8302210519983161,0.5231371583901602,0.5441262728155916,0.5590825041146416
