,Species,Opsin_Family,Accession,Lambda_Max,Prediction,Difference
S606,Mus_musculus,UVS,NP_031564.1_S118T,359.0,359.1885140844315,0.1885140844315174
S227,Xenopus_laevis,SWS1,NM_001085652.1,423.0,409.9158832396032,-13.084116760396796
S567,swsanc3_sp.,UVS,"swsanc3_V109A,L116V",359.0,365.2122418287752,6.212241828775177
S662,Chlamydera_nuchalis,SWS1,CNUCHCUSTOM,403.0,396.83447450485124,-6.165525495148756
S562,swsanc3_sp.,UVS,swsanc3_V109A,360.0,360.5653542578828,0.5653542578828024
S523,swsanc5_sp.,UVS,"swsanc5_F84S,S118A",369.0,369.7396493526541,0.7396493526541121
S598,Mus_musculus,UVS,NP_031564.1_H64R,359.0,356.5688524723845,-2.431147527615508
S515,swsanc6_sp.,SWS,"swsanc6_F81V,I85M,I88V",392.0,394.230012009011,2.230012009010977
S540,"swsanc3,Xenopus_sp.,laevis",UVS,swsanc3_1_98-NM_001085652.1_99-151-swsanc3_152_350,410.0,397.81580216676946,-12.184197833230542
S724,Anolis_carolinensis,SWS2,AF133907_I46A_V49I_G164A,438.0,438.41768184573914,0.41768184573913913
S612,Mus_musculus,UVS,"NP_031564.1_A114G,S118T",363.0,360.1033141383537,-2.89668586164629
S249,Cottus_gobio,SWS2,AJ430489_T269A,453.0,456.86979001785204,3.86979001785204
S596,Mus_musculus,UVS,NP_031564.1_T52F,359.0,357.70578677600423,-1.2942132239957687
S238,Bos_taurus,SWS1,U92557.1,438.0,436.939638236917,-1.0603617630829945
S512,swsanc1_sp.,UVS,"swsanc1_H107R,V109L,L112M,L116M,V119I,I137V",361.0,373.8375108971635,12.837510897163497
S329,Poecilia_reticulata,SWS2-B,LC127189,408.0,405.97258664137945,-2.0274133586205494
S319,Columba_livia,SWS1,AH007798.2_V85I,389.0,381.8749556223445,-7.125044377655513
S330,Poecilia_reticulata,SWS1,LC127190,353.0,359.9004575972035,6.900457597203513
S611,Mus_musculus,UVS,"NP_031564.1_L81F,F85L,T92P",381.0,398.4560192038016,17.45601920380159
S610,Mus_musculus,UVS,NP_031564.1_N149S,359.0,358.35683536988546,-0.6431646301145406
S283,Melopsittacus_undulatus,SWS1,Y11787,371.0,366.563310818402,-4.4366891815980125
S520,swsanc5_sp.,UVS,swsanc5_S118A,357.0,359.507260848089,2.507260848089004
S312,Taeniopygia_guttata,SWS,AF222331_C84S,397.0,391.5324533677196,-5.467546632280403
S538,"swsanc3,Xenopus_sp.,laevis",UVS,swsanc3_1_30-NM_001085652.1_31_66-swsanc3_67_350,359.0,362.6295232630489,3.6295232630488954
S231,Columba_livia,SWS1,AH007798.2,393.0,383.6935818134948,-9.306418186505198
