Base Model R^2	MAE	MAPE	SQE	RSQE
0.917908211252045	10.412816102217885	0.02401272136745284	319.0357485281243	17.861571838114482