,Species,Opsin_Family,Accession,Lambda_Max,Prediction,Difference
S77,Saimiri_sciureus,LWS,AH006281_F232I_G236S,559.0,555.4576627434396,-3.5423372565603586
S13,Capra_hircus,LWS,AH006594.2,553.0,557.1308508815074,4.130850881507399
S33,Platynereis_dumerilii,LWS,AY692353.1_K94V,502.0,458.50200864421413,-43.49799135578587
S50,lwsanc_pigmente_sp.,LWS,lwsanc_pigmente,558.0,545.03723177121,-12.962768228789969
S79,lwsancestor_pigmentd,LWS,lwsancestor_pigmentd_H197Y,536.0,526.3642257231324,-9.63577427686755
S75,Saimiri_sciureus,LWS,AH006281_F232I,559.0,555.4576627434396,-3.5423372565603586
S25,Poecilia_reticulata,LWS1,AB748985.1,571.0,560.0888329300894,-10.911167069910562
S57,lwsanc_pigmentx_sp.,LWS,lwsanc_pigmentx_A180S,533.0,532.0518322774678,-0.9481677225321619
S42,Gallus_gallus,MWS,NM_205490.1,511.0,524.1628499921345,13.162849992134511
S41,Carassius_auratus,LWS,L11866.1,505.0,505.34136964777986,0.3413696477798567
S90,lwsancestor_pigmentd,LWS,lwsancestor_pigmentd_S180A_H197Y_A308S,512.0,526.3642257231324,14.36422572313245
S55,lwsanc_pigmenty_sp.,LWS,lwsanc_pigmenty,553.0,552.5080840346283,-0.49191596537173155
S45,Loxodonta_africana,LWS,AY686754.1_A180S,558.0,551.4359943569091,-6.564005643090923
S11,Homo_sapiens,LWS,AH005296.2,530.0,554.926402313822,24.926402313821995
S20,Odocoileus_virginianus,LWS,AF132041,531.0,547.5526130214538,16.552613021453794
