Base Model R^2	MAE	MAPE	SQE	RSQE
0.9134661515772651	11.550220268047763	0.02353854945395025	350.2842071332588	18.715881147657964