Base Model R^2	MAE	MAPE	SQE	RSQE
0.999694479130895	0.30305908203125	0.0007206205284318967	0.9297200468555092	0.9642199162304776