,Species,Opsin_Family,Accession,Lambda_Max,Prediction,Difference
S16,Rattus_norvegicus,MWS,AH006946.2,509.0,497.6515218168566,-11.348478183143413
S19,Equus_caballus,LWS,AF132043,545.0,527.0552605741143,-17.9447394258857
S48,lwsanc_pigmentc_sp.,LWS,lwsanc_pigmentc,561.0,568.5770123726215,7.577012372621539
S34,Platynereis_dumerilii,LWS,AY692353.1_K94D,489.0,468.69421475917216,-20.305785240827845
S76,Saimiri_sciureus,LWS,AH006281_G236S,556.0,557.6016105793127,1.6016105793127053
S89,lwsancestor_pigmentd,LWS,lwsancestor_pigmentd_Y277F_T285A,534.0,535.5811051448029,1.5811051448029048
S73,Saimiri_sciureus,LWS,AH006282_I232F_S236G,546.0,545.3016697013855,-0.6983302986144508
S55,lwsanc_pigmenty_sp.,LWS,lwsanc_pigmenty,553.0,553.9869212355632,0.9869212355631589
S86,lwsancestor_pigmentd,LWS,lwsancestor_pigmentd_ S180A_A308S,525.0,548.6068310139214,23.60683101392135
S24,Columba_livia,MWS,U50598.1,481.0,489.4611378434299,8.461137843429924
S31,Platynereis_dumerilii,LWS,AY692353.1_K94A,492.0,468.69421475917216,-23.305785240827845
S37,Platynereis_dumerilii,LWS,AY692353.1_K94R,377.0,468.69421475917216,91.69421475917216
S21,Cavia_porcellus,MWS,AF132042.1,516.0,538.652676047266,22.652676047266027
S1,Tursiops_truncatus,LWS,XM_019933644.2,524.0,525.4915709412032,1.4915709412032356
S85,lwsancestor_pigmentd,LWS,lwsancestor_pigmentd_S180A_T285A,536.0,540.1173595053226,4.117359505322611
