,Species,Opsin_Family,Accession,Lambda_Max,Prediction,Difference
S68,Saimiri_sciureus,LWS,AH006283_S236G,533.0,532.9395243596055,-0.06047564039454301
S5,Carassius_auratus,LWS,L11867.1_S164P,544.0,562.559099863501,18.559099863501046
S86,lwsancestor_pigmentd,LWS,lwsancestor_pigmentd_ S180A_A308S,525.0,548.1633708649418,23.16337086494184
S13,Capra_hircus,LWS,AH006594.2,553.0,544.4293483159546,-8.570651684045401
S6,Carassius_auratus,LWS,L11867,559.0,562.559099863501,3.5590998635010465
S55,lwsanc_pigmenty_sp.,LWS,lwsanc_pigmenty,553.0,553.2456169944589,0.24561699445894192
S17,Tursiops_truncatus,LWS,AF055457,524.0,525.4272759995541,1.4272759995541264
S35,Platynereis_dumerilii,LWS,AY692353.1_K94E,461.0,463.6734792230206,2.6734792230205926
S58,lwsanc_pigmentx_sp.,LWS,lwsanc_pigmentx_A58T_V76A_H294N,532.0,532.3634231426396,0.36342314263958997
S50,lwsanc_pigmente_sp.,LWS,lwsanc_pigmente,558.0,547.6254804790719,-10.374519520928061
S53,lwsanc_pigmenti_sp.,LWS,lwsanc_pigmenti,564.0,577.9948459634603,13.994845963460307
S9,Taeniopygia_guttata,LWS,AF222333.1,560.0,578.229238935577,18.229238935576973
S38,Grus_americana,LWS,KM508487,561.0,585.7829027797877,24.78290277978772
S85,lwsancestor_pigmentd,LWS,lwsancestor_pigmentd_S180A_T285A,536.0,539.2582334655054,3.258233465505441
S40,Carassius_auratus,LWS,L11865.1,511.0,508.5695692213871,-2.4304307786129016
