,Species,Opsin_Family,Accession,Lambda_Max,Prediction,Difference
S61,lwsanc_pigmentz_sp.,LWS,lwsanc_pigmentz_T58A,532.0,532.8431304653421,0.8431304653421421
S41,Carassius_auratus,LWS,L11866.1,505.0,505.0604007973047,0.06040079730468051
S81,lwsancestor_pigmentd,LWS,lwsancestor_pigmentd_T285A,543.0,539.6000685005044,-3.399931499495551
S82,lwsancestor_pigmentd,LWS,lwsancestor_pigmentd_A308S,527.0,529.6522131530932,2.6522131530931574
S68,Saimiri_sciureus,LWS,AH006283_S236G,533.0,533.1360938118453,0.13609381184528502
S78,lwsancestor_pigmentd,LWS,lwsancestor_pigmentd_S180A,555.0,554.8498029943305,-0.15019700566949723
S83,lwsancestor_pigmentd,LWS,lwsancestor_pigmentd_S180A_H197Y,533.0,536.981655855569,3.981655855568988
S18,Felis_catus,LWS,AF132040,553.0,552.518937380143,-0.48106261985697074
S27,Poecilia_reticulata,LWS2,LC127183,516.0,516.5450340812687,0.5450340812686818
S85,lwsancestor_pigmentd,LWS,lwsancestor_pigmentd_S180A_T285A,536.0,539.6000685005044,3.600068500504449
S32,Platynereis_dumerilii,LWS,AY692353.1_K94S,491.0,460.0813132538461,-30.918686746153924
S5,Carassius_auratus,LWS,L11867.1_S164P,544.0,555.2056498557915,11.205649855791535
S54,lwsanc_pigmentx_sp.,LWS,lwsanc_pigmentx,532.0,532.8431304653421,0.8431304653421421
S91,lwsancestor_pigmentd,LWS,lwsancestor_pigmentd_S180A_Y277F_T285A,532.0,532.2259748127153,0.2259748127153216
S44,Loxodonta_africana,LWS,AY686754.1,552.0,553.628553094129,1.6285530941289608
