Base Model R^2	MAE	MAPE	SQE	RSQE
0.7389695541620299	4.044785517605419	0.00812551129055962	75.57585494963875	8.693437464526834