Base Model R^2	Base Model MAE	Base Model MAPE	Base Model SQE	Base Model RSQE
0.8482936570070871	13.041757964988351	0.03051232990080003	597.9754475945848	24.45353650486131
MSP Model Test R^2	MAE	MAPE	SQE	RSQE
0.7190965217433252	26.858799433554204	0.060644007702573575	1508.471554863236	38.83904678108406