,Species,Opsin_Family,Accession,Lambda_Max,Prediction,Difference
S434,Carassius_auratus,SWS2,L11864.1_S272A,442.0,443.2919325180036,1.2919325180035912
S583,Mus_musculus,UVS,NP_031564.1_I57M,359.0,357.71865402231873,-1.2813459776812692
S712,Anolis_carolinensis,SWS2,AF133907_I46F_V49I_V52F_G164A,438.0,438.50061695419726,0.5006169541972554
S719,Columba_livia,SWS2,AH007799.2_S269C,450.0,447.2892280190133,-2.710771980986692
S204,Cottus_gobio,SWS2,AJ430489.1_T118G,452.0,460.51487322033626,8.514873220336256
S336,Melopsittacus_undulatus,SWS1,NM_001311081_C90S,420.0,389.04878958373155,-30.951210416268452
S559,swsanc3_sp.,UVS,"swsanc3_V109A,L116V,S118T",360.0,375.0068491079444,15.00684910794439
S326,Columba_livia,SWS1,AJ238856,388.0,383.4449293739695,-4.555070626030499
S430,Carassius_auratus,SWS2,L11864.1_L116T,441.0,447.88535528261497,6.885355282614967
S308,Columba_livia,SWS1,AH007798.2_V85I,389.0,380.38650152054856,-8.613498479451437
S248,Cottus_gobio,SWS2,AJ430489_T269A,453.0,457.3158423735831,4.315842373583109
S578,Mus_musculus,UVS,NP_031564.1_R38Y,359.0,358.00715765510114,-0.992842344898861
S557,swsanc3_sp.,UVS,"swsanc3_V109A,E113D,L116V",391.0,380.57357838806405,-10.42642161193595
S520,swsanc5'_sp.,UVS,swsanc5'_S89C,360.0,368.2268522446273,8.22685224462731
S491,swsanc5_sp.,UVS,swsanc5,360.0,361.8854308700894,1.885430870089408
S429,Carassius_auratus,SWS2,L11864.1_S94A,437.0,444.89723853146467,7.897238531464666
S561,swsanc3_sp.,UVS,"swsanc3_T108I,E113D,L116V,S118T",363.0,373.88285778429594,10.882857784295936
S511,swsanc5_sp.,UVS,"swsanc5_F49V,F84S,S118A,A82S",374.0,374.4501244649662,0.4501244649662226
S553,swsanc3_sp.,UVS,"swsanc3_V109A,L116V",359.0,363.3047626635977,4.304762663597728
S658,Ochotona_princeps,SWS1,XM_004592516_A86F,443.0,369.0325662521978,-73.9674337478022
S205,Cottus_gobio,SWS2,AJ430489.1_P215G,465.0,460.51487322033626,-4.485126779663744
S492,swsanc6_sp.,SWS,swsanc6,393.0,393.4785744601703,0.47857446017030725
S489,swsanc3_sp.,UVS,swsanc3,359.0,347.00271093855173,-11.99728906144827
S401,Verasper_variegatus,SWS2,A0A1L7P076,485.0,454.2320353220091,-30.767964677990904
S579,Mus_musculus,UVS,NP_031564.1_F46T,359.0,357.71865402231873,-1.2813459776812692
