Base Model R^2	MAE	MAPE	SQE	RSQE
0.8058483015255407	10.106865286309228	0.02584043311030445	335.6724438837446	18.321365775611397