,Species,Opsin_Family,Accession,Lambda_Max,Prediction,Difference
S217,Mus_musculus,UVS,NP_031564.1_I95V,359.0,357.7361902274414,-1.2638097725586022
S201,"Homo,Mus_sapiens,musculus",UVS,AH003620.2_1_92-NP_031564.1_93_346,396.0,398.50366939160796,2.503669391607957
S69,Gallus_gallus,SWS1,NM_205438.1_S86F,372.0,376.8776773125297,4.877677312529727
S12,Columba_livia,SWS1,AH007798.2,393.0,386.5386993824245,-6.461300617575489
S130,swsanc6_sp.,SWS,"swsanc6_F81V,I85M,I88V",392.0,395.325359346691,3.325359346691016
S37,Carassius_auratus,SWS2,L11864,443.0,443.6166368408272,0.6166368408271978
S156,"swsanc3,Xenopus_sp.,laevis",UVS,swsanc3_1_30-NM_001085652.1_31_98-swsanc3_99_350,389.0,388.34201815164073,-0.6579818483592703
S272,Xenopus_laevis,SWS1,U23463_G116A,429.0,399.7267557943925,-29.27324420560751
S165,"swsanc3,Xenopus_sp.,laevis",UVS,NM_001085652.1_1_66-swsanc3_67_98-NM_001085652.1_99_347,404.0,395.2298097947711,-8.770190205228914
S190,swsanc3_sp.,UVS,"swsanc3_T108I,E113D,L116V,S118T",363.0,366.4945679572709,3.494567957270874
S200,"Homo,Mus_sapiens,musculus",UVS,NP_031564.1_1_253-AH003620.2_254_348,360.0,358.21679574380187,-1.7832042561981325
S121,swsanc6_sp.,SWS,swsanc6,393.0,394.8183736171571,1.8183736171570786
S159,"swsanc3,Xenopus_sp.,laevis",UVS,swsanc3_1_30-NM_001085652.1_31_151-swsanc3_152_350,422.0,413.1640368658437,-8.835963134156316
S19,Bos_taurus,SWS1,U92557.1,438.0,429.8873822456396,-8.112617754360372
S274,Anolis_carolinensis,SWS2,AF133907_I46F,439.0,439.3525679463975,0.352567946397528
S178,swsanc3_sp.,UVS,swsanc3_E113D,355.0,353.1443262386041,-1.8556737613959058
S149,swsanc5'_sp.,UVS,swsanc5'_S89C,360.0,362.7564535358282,2.7564535358282
S147,swsanc5'_sp.,UVS,swsanc5'_F46L,393.0,381.82582391741715,-11.174176082582846
S14,Gallus_gallus,SWS1,M92039.1,415.0,410.28247178752207,-4.71752821247793
S139,swsanc5_sp.,UVS,"swsanc5_F49V,F84S,S118A",374.0,371.9718090756557,-2.028190924344301
S124,swsanc1_sp.,UVS,swsanc1_V63I,361.0,359.4215227513534,-1.5784772486466068
S281,Anolis_carolinensis,SWS2,AF133907_I46F_V49I_V52A_G164A,439.0,439.3525679463975,0.352567946397528
S137,swsanc5_sp.,UVS,"swsanc5_F49V,S118A",357.0,371.9718090756557,14.971809075655699
S158,"swsanc3,Xenopus_sp.,laevis",UVS,swsanc3_1_66-NM_001085652.1_67_151-swsanc3_152_350,421.0,419.1977057608381,-1.8022942391618813
S73,Grus_americana,SWS1,KM508490,404.0,399.93835996831217,-4.06164003168783
