Base Model R^2	MAE	MAPE	SQE	RSQE
0.9247770695121769	5.097839010588189	0.013021600498457131	63.62463781679986	7.976505363679