Base Model R^2	MAE	MAPE	SQE	RSQE
0.9189059754199075	6.571308229547683	0.0166579709019702	127.31061206702154	11.28320043547138