Base Model R^2	MAE	MAPE	SQE	RSQE
0.49203770978959926	11.038318423686633	0.021294087582592342	242.22802651482104	15.563676510221518
MSP Model Test R^2	MAE	MAPE	SQE	RSQE
-0.4718434317769491	70.65654580607229	0.14437878409153218	7903.903375732081	88.9038996654932