,Species,Opsin_Family,Accession,Lambda_Max,Prediction,Difference
S3,Cottus_gobio,SWS2,AJ430489.1_T118G,452.0,461.09450540318704,9.094505403187043
S18,Rattus_norvegicus,SWS1,U63972.1,358.0,361.8508082973122,3.8508082973121986
S86,Danio_rerio,SWS2,AB087809.1_V88I,416.0,416.7670926933096,0.7670926933096212
S87,Danio_rerio,SWS2,AB087809.1_A97S,417.0,416.79983371853575,-0.20016628146424864
S100,Carassius_auratus,SWS2,L11864.1_G124S,444.0,442.3992560436677,-1.6007439563322805
S109,swsanc4_sp.,UVS,swsanc4,360.0,360.21721914406874,0.21721914406873566
S118,swsanc1_sp.,UVS,"swsanc1_K147R,G149S",361.0,358.16239585705074,-2.83760414294926
S121,swsanc6_sp.,SWS,swsanc6_A118S,398.0,390.99991284831253,-7.000087151687467
S134,swsanc5_sp.,UVS,"swsanc5_F49V,F84S,S118A,A120G",375.0,375.00347596409347,0.0034759640934680647
S144,"swsanc3,Xenopus_sp.,laevis",UVS,swsanc3_1_66-NM_001085652.1_67_98-swsanc3_99_350,383.0,396.3570131669491,13.357013166949116
S146,"swsanc3,Xenopus_sp.,laevis",UVS,swsanc3_1_30-NM_001085652.1_31_98-swsanc3_99_350,389.0,396.9098036053752,7.9098036053752026
S147,"swsanc3,Xenopus_sp.,laevis",UVS,swsanc3_1_30-NM_001085652.1_31_66-swsanc3_67_98-NM_001085652.1_99_151-swsanc3_152_350,417.0,408.34676411519865,-8.653235884801347
S167,swsanc3_sp.,UVS,swsanc3_V109A,360.0,366.75223358088147,6.752233580881466
S176,swsanc3_sp.,UVS,"swsanc3_V109A,E113D,L116V",391.0,371.408073149465,-19.591926850535003
S177,swsanc3_sp.,UVS,"swsanc3_V109A,E113D,S118T",391.0,375.31333495314675,-15.68666504685325
S178,swsanc3_sp.,UVS,"swsanc3_V109A,L116V,S118T",360.0,381.2174032794888,21.217403279488792
S185,swsanc3_sp.,UVS,"swsanc3_F46M,F86M,V91I,T93P",383.0,385.21166030656656,2.211660306566557
S208,Mus_musculus,UVS,NP_031564.1_H100N,359.0,359.46658930264783,0.46658930264783294
S210,Mus_musculus,UVS,NP_031564.1_A114G,359.0,363.00164629214714,4.001646292147143
S223,Mus_musculus,UVS,"NP_031564.1_F46T,F49L,T52F,F85L,T92P,E113Q,A114G,S118T",369.0,356.1134568514895,-12.886543148510498
S257,Xenopus_laevis,SWS1,NM_001085652.1_D114E,415.0,413.36508815930125,-1.6349118406987486
S261,Xenopus_laevis,SWS1,NM_001085652.1_G116A,429.0,413.36508815930125,-15.634911840698749
S264,Anolis_carolinensis,SWS2,AF133907_V49I,439.0,438.9092087471709,-0.09079125282909217
S265,Anolis_carolinensis,SWS2,AF133907_G164A,438.0,438.4996343766148,0.49963437661477883
S266,Anolis_carolinensis,SWS2,AF133907_I46F_V49I_G164A,438.0,438.6444969438437,0.6444969438437056
