Base Model R^2	MAE	MAPE	SQE	RSQE
0.9168123267366629	6.272446790153825	0.016200804980812077	81.3740488859191	9.020756558400137