,Species,Opsin_Family,Accession,Lambda_Max,Prediction,Difference
S3,Cottus_gobio,SWS2,AJ430489.1_T118G,452.0,460.31045679481946,8.310456794819459
S18,Rattus_norvegicus,SWS1,U63972.1,358.0,368.20007325173367,10.20007325173367
S86,Danio_rerio,SWS2,AB087809.1_V88I,416.0,418.61148150468773,2.611481504687731
S87,Danio_rerio,SWS2,AB087809.1_A97S,417.0,423.97538224868424,6.975382248684241
S100,Carassius_auratus,SWS2,L11864.1_G124S,444.0,442.43035222514595,-1.5696477748540474
S109,swsanc4_sp.,UVS,swsanc4,360.0,363.50505083471427,3.505050834714268
S118,swsanc1_sp.,UVS,"swsanc1_K147R,G149S",361.0,358.71587574034214,-2.284124259657858
S121,swsanc6_sp.,SWS,swsanc6_A118S,398.0,390.6417674201841,-7.358232579815876
S134,swsanc5_sp.,UVS,"swsanc5_F49V,F84S,S118A,A120G",375.0,373.77165441486306,-1.2283455851369354
S144,"swsanc3,Xenopus_sp.,laevis",UVS,swsanc3_1_66-NM_001085652.1_67_98-swsanc3_99_350,383.0,384.16227479549946,1.1622747954994566
S146,"swsanc3,Xenopus_sp.,laevis",UVS,swsanc3_1_30-NM_001085652.1_31_98-swsanc3_99_350,389.0,379.8821242757924,-9.117875724207579
S147,"swsanc3,Xenopus_sp.,laevis",UVS,swsanc3_1_30-NM_001085652.1_31_66-swsanc3_67_98-NM_001085652.1_99_151-swsanc3_152_350,417.0,382.16278717265106,-34.837212827348935
S167,swsanc3_sp.,UVS,swsanc3_V109A,360.0,367.7811190743241,7.781119074324124
S176,swsanc3_sp.,UVS,"swsanc3_V109A,E113D,L116V",391.0,371.55593456537224,-19.44406543462776
S177,swsanc3_sp.,UVS,"swsanc3_V109A,E113D,S118T",391.0,374.3635312955215,-16.63646870447849
S178,swsanc3_sp.,UVS,"swsanc3_V109A,L116V,S118T",360.0,378.1383467865697,18.138346786569684
S185,swsanc3_sp.,UVS,"swsanc3_F46M,F86M,V91I,T93P",383.0,387.76329413899634,4.7632941389963435
S208,Mus_musculus,UVS,NP_031564.1_H100N,359.0,360.9838310465826,1.9838310465826225
S210,Mus_musculus,UVS,NP_031564.1_A114G,359.0,363.4645023876111,4.464502387611105
S223,Mus_musculus,UVS,"NP_031564.1_F46T,F49L,T52F,F85L,T92P,E113Q,A114G,S118T",369.0,360.99851507811064,-8.001484921889357
S257,Xenopus_laevis,SWS1,NM_001085652.1_D114E,415.0,407.5468333545007,-7.453166645499323
S261,Xenopus_laevis,SWS1,NM_001085652.1_G116A,429.0,407.5468333545007,-21.453166645499323
S264,Anolis_carolinensis,SWS2,AF133907_V49I,439.0,437.16082303081953,-1.8391769691804711
S265,Anolis_carolinensis,SWS2,AF133907_G164A,438.0,439.64028778951666,1.6402877895166625
S266,Anolis_carolinensis,SWS2,AF133907_I46F_V49I_G164A,438.0,438.79322138910413,0.7932213891041329
