Base Model R^2	MAE	MAPE	SQE	RSQE
0.8658849814672469	8.142091604601578	0.021084373854193688	131.19109654470947	11.453868191345205