,Species,Opsin_Family,Accession,Lambda_Max,Prediction,Difference
S44,Eumaeus_atala,BRh1,MN831881.1_A118S_Y179F_I207C_F208C,526.0,532.2001568777266,6.200156877726613
S13,Papilio_xuthus,"Rh1,Rh3",AB007423.1_1_91-AB007425.1_92_114-AB007423.1_115_129-AB007425.1_130_152-AB007423.1_153_173-AB007425.1_174_190-AB007423.1_191_217-AB007425.1_218_241-AB007423.1_242_280-AB007425.1_281_303-AB007423.1_304_313-AB007425.1_314_339-AB007423.1_340_379,566.0,561.3551859489294,-4.644814051070625
S49,Pieris_rapae,PrB,AB208675.1_F177Y,446.0,436.8204043777131,-9.17959562228691
S99,Anisota_stigma,IV-LWS,OK930068.1,537.0,530.8171645700405,-6.182835429959482
S22,Papilio_xuthus,"Rh1,Rh3",AB007423.1_1_58-AB007425.1_59_83-AB007423.1[M130A]_84_379,546.0,547.4653627717859,1.4653627717858626
S52,Pieris_rapae,PrV,AB208674.1_A116S,430.0,426.7649159434996,-3.2350840565003978
S95,Sympetrum_frequens,IV-LWS,LC009061,557.0,565.7951795619939,8.795179561993905
S86,Chrysochroa_mniszechii,IV-LWS,OP722950.1,507.0,520.4926775677718,13.492677567771807
S71,Limenitis_a.astyanax,IV-Rh1,AY918902.2_K201R,429.0,431.6538903776966,2.653890377696598
S33,Eumaeus_atala,BRh1,MN831881.1_A118S,440.0,494.22746734854746,54.227467348547464
S24,Papilio_xuthus,"Rh1,Rh3","AB007423.1_1_58-AB007425.1_59_83-AB007423.1[A109F,L122I,A115C]_84_379",543.0,544.4354529628172,1.4354529628171804
S12,Papilio_xuthus,"Rh1,Rh3",AB007423.1_1_58-AB007425.1_59_83-AB007423.1_84_129-AB007425.1_130_152-AB007423.1_153_173-AB007425.1_174_190-AB007423.1_191_379,561.0,557.6024478551434,-3.397552144856604
S89,Chrysochroa_rajah,IV-LWS,OP722948.1_C122T,507.0,512.9259139698751,5.925913969875069
S63,Pecten_maximus,Rtc,XM_033877948.1_W211Y,505.0,503.6472114713221,-1.352788528677877
S91,Chrysochroa_rajah,IV-LWS,OP722948.1_C122T_V211C,519.0,512.9259139698751,-6.074086030124931
