,Species,Opsin_Family,Accession,Lambda_Max,Prediction,Difference
S221,Mus_musculus,UVS,NP_031564.1_S118T,359.0,366.43,7.430000000000007
S8,Xenopus_laevis,SWS1,NM_001085652.1,423.0,422.6243354978355,-0.3756645021645113
S182,swsanc3_sp.,UVS,"swsanc3_V109A,L116V",359.0,382.47,23.470000000000027
S254,Chlamydera_nuchalis,SWS1,CNUCHCUSTOM,403.0,385.64333333333326,-17.35666666666674
S177,swsanc3_sp.,UVS,swsanc3_V109A,360.0,369.7133333333333,9.71333333333331
S138,swsanc5_sp.,UVS,"swsanc5_F84S,S118A",369.0,373.32,4.319999999999993
S213,Mus_musculus,UVS,NP_031564.1_H64R,359.0,361.75,2.75
S130,swsanc6_sp.,SWS,"swsanc6_F81V,I85M,I88V",392.0,389.0147619047619,-2.985238095238117
S155,"swsanc3,Xenopus_sp.,laevis",UVS,swsanc3_1_98-NM_001085652.1_99-151-swsanc3_152_350,410.0,395.5760000000001,-14.423999999999921
S280,Anolis_carolinensis,SWS2,AF133907_I46A_V49I_G164A,438.0,438.44385714285715,0.44385714285715494
S227,Mus_musculus,UVS,"NP_031564.1_A114G,S118T",363.0,367.33333333333337,4.333333333333371
S24,Cottus_gobio,SWS2,AJ430489_T269A,453.0,456.8593095238095,3.859309523809486
S211,Mus_musculus,UVS,NP_031564.1_T52F,359.0,366.44,7.439999999999998
S19,Bos_taurus,SWS1,U92557.1,438.0,425.39,-12.610000000000014
S127,swsanc1_sp.,UVS,"swsanc1_H107R,V109L,L112M,L116M,V119I,I137V",361.0,368.9820256410257,7.9820256410257
S55,Poecilia_reticulata,SWS2-B,LC127189,408.0,409.115,1.115000000000009
S51,Columba_livia,SWS1,AH007798.2_V85I,389.0,383.58392857142854,-5.416071428571456
S56,Poecilia_reticulata,SWS1,LC127190,353.0,380.06439285714276,27.064392857142764
S226,Mus_musculus,UVS,"NP_031564.1_L81F,F85L,T92P",381.0,392.63616666666667,11.636166666666668
S225,Mus_musculus,UVS,NP_031564.1_N149S,359.0,360.2266666666667,1.2266666666666879
S33,Melopsittacus_undulatus,SWS1,Y11787,371.0,365.6937619047621,-5.306238095237916
S135,swsanc5_sp.,UVS,swsanc5_S118A,357.0,361.2033333333334,4.203333333333376
S44,Taeniopygia_guttata,SWS,AF222331_C84S,397.0,376.1996428571428,-20.800357142857195
S153,"swsanc3,Xenopus_sp.,laevis",UVS,swsanc3_1_30-NM_001085652.1_31_66-swsanc3_67_350,359.0,371.6703333333333,12.670333333333303
S12,Columba_livia,SWS1,AH007798.2,393.0,388.29809523809513,-4.701904761904871
