,Accuracy,AUC,F1,Recall,Precision
lg,0.6659097127222983,0.9415679460771409,0.6552508237696439,0.6649491619491619,0.6782108344871502
lgbm,0.6671135430916553,0.9438183264797229,0.6542965894722826,0.6668932733932734,0.6750475521210816
xgb,0.6659370725034199,0.942837319447829,0.6528000513960098,0.6674061494061494,0.673158302481832
gbc,0.6577838577291382,0.9442368348144627,0.6447138891457016,0.6582523587523588,0.6697315576580282
rf,0.6449110807113543,0.9287083798715126,0.6263156566751413,0.6413199023199023,0.6417734699940582
et,0.6285362517099864,0.8992031128646385,0.6064034406468382,0.6198387723387724,0.6219166111666112
dt,0.6168262653898768,0.8211560936846591,0.6054915880181235,0.6166499056499056,0.6314553624050527
Adaboost,0.21607387140902873,0.6543994585452104,0.13485699104480053,0.21893367743367742,0.1340474024915222
