Base Model R^2	Base Model MAE	Base Model MAPE	Base Model SQE	Base Model RSQE
0.8535201058269697	12.575153561319366	0.029491878530520998	585.5618903716083	24.198386110887817
MSP Model Test R^2	MAE	MAPE	SQE	RSQE
0.6840150685114219	29.020168011757153	0.06573361470020574	1696.8614410690454	41.19297805535606