,Accuracy,AUC,F1,Recall,Precision
rf,0.1742857142857143,,0.13712077076362789,0.15499328449328448,0.16033757776614915
lg,0.17420634920634923,,0.13148373584087872,0.1648150183150183,0.1477285756571471
xgb,0.16611111111111113,,0.12980167187310043,0.1622735042735043,0.1370395953253096
et,0.16857142857142857,,0.12466823652537937,0.1451074481074481,0.14561403279260424
gbc,0.16595238095238096,,0.11899819492676637,0.14774908424908423,0.1273396286253429
lgbm,0.14634920634920634,,0.10677518909661765,0.1296376678876679,0.1143417931275074
dt,0.14055555555555557,,0.10160371141463578,0.12110927960927961,0.10973087098087098
Adaboost,0.12333333333333332,,0.06883243675474252,0.09936507936507935,0.06886459779006363
