,Species,Opsin_Family,Accession,Lambda_Max,Prediction,Difference
S50,Gallus_gallus,SWS,M92039_S84C_V85I,371.0,387.09872792613504,16.09872792613504
S119,swsanc4_sp.,UVS,swsanc4,360.0,357.8728864421407,-2.127113557859275
S268,Xenopus_laevis,SWS1,U23463_D114E,415.0,397.33865921939076,-17.661340780609237
S42,Taeniopygia_guttata,SWS,AF222331,359.0,365.70882913568585,6.708829135685846
S108,Carassius_auratus,SWS2,L11864.1_L116T,441.0,441.32760061532804,0.32760061532803775
S211,Mus_musculus,UVS,NP_031564.1_T52F,359.0,358.2032618421975,-0.7967381578025083
S158,"swsanc3,Xenopus_sp.,laevis",UVS,swsanc3_1_66-NM_001085652.1_67_151-swsanc3_152_350,421.0,418.2410331845331,-2.75896681546692
S93,Danio_rerio,SWS2,AB087809.1_S82A,416.0,417.86885117001833,1.8688511700183312
S171,swsanc3_sp.,UVS,"swsanc3_F49L,V109A,E113D,L116V,S118T",411.0,387.1769391767776,-23.82306082322242
S100,Danio_rerio,SWS2,AB087809.1_G109A,417.0,416.2367124679055,-0.7632875320945232
S161,"swsanc3,Xenopus_sp.,laevis",UVS,swsanc3_1_30-NM_001085652.1_31_66-swsanc3_67_151-NM_001085652.1_152_311-swsanc3_312_350,361.0,359.1738765823585,-1.8261234176414973
S84,Poecilia_reticulata,SWS2,A0A140JTJ5,408.0,402.4623996039967,-5.537600396003313
S99,Danio_rerio,SWS2,AB087809.1_I108T,417.0,416.3315995991842,-0.6684004008158126
S191,swsanc3_sp.,UVS,"swsanc3_E113D,L116V,S118T,V119L",361.0,376.669138027521,15.669138027521
S250,Mus_musculus,UVS,AF190670.1_E113Q,351.0,358.2032618421975,7.203261842197492
S258,Chlamydera_nuchalis,SWS1,CNUCHCUSTOM_C86F_S90C,363.0,355.24848269423256,-7.751517305767436
S22,Notamacropus_eugenii,SWS1,AY286017.1,420.0,389.4607975652455,-30.539202434754486
S85,Oryzias_latipes,SWS2,Q2L6A3,439.0,425.4134459176006,-13.586554082399402
S165,"swsanc3,Xenopus_sp.,laevis",UVS,NM_001085652.1_1_66-swsanc3_67_98-NM_001085652.1_99_347,404.0,391.1422838434178,-12.857716156582228
S138,swsanc5_sp.,UVS,"swsanc5_F84S,S118A",369.0,369.4575132739945,0.4575132739944934
S120,swsanc5_sp.,UVS,swsanc5,360.0,367.55486305039256,7.554863050392555
S47,Taeniopygia_guttata,SWS,AF222331_C84G_I85F,363.0,365.70882913568585,2.7088291356858463
S210,Mus_musculus,UVS,NP_031564.1_V50I,359.0,358.2032618421975,-0.7967381578025083
S199,"Homo,Mus_sapiens,musculus",UVS,NP_031564.1_1_146-AH003620.2_147_348,360.0,358.91177821648984,-1.0882217835101642
S239,Loxodonta_africana,SWS1,"AY686753.1_S86F,I92T",359.0,368.4487751175973,9.448775117597279
