,Species,Opsin_Family,Accession,Lambda_Max,Prediction,Difference
S66,Saimiri_sciureus,LWS,AH006283,532.0,533.7689685360046,1.7689685360046496
S40,Carassius_auratus,LWS,L11865.1,511.0,501.40156650173003,-9.59843349826997
S25,Poecilia_reticulata,LWS1,AB748985.1,571.0,560.3243983432067,-10.675601656793333
S58,lwsanc_pigmentx_sp.,LWS,lwsanc_pigmentx_A58T_V76A_H294N,532.0,532.1752598842818,0.17525988428178607
S69,Saimiri_sciureus,LWS,AH006283_I232F_S236G,533.0,533.1610598396144,0.16105983961438142
S70,Saimiri_sciureus,LWS,AH006282,545.0,546.088339519315,1.0883395193150136
S9,Taeniopygia_guttata,LWS,AF222333.1,560.0,568.281969315485,8.281969315484957
S19,Equus_caballus,LWS,AF132043,545.0,517.8009917211482,-27.199008278851807
S50,lwsanc_pigmente_sp.,LWS,lwsanc_pigmente,558.0,541.41614001666,-16.58385998333995
S77,Saimiri_sciureus,LWS,AH006281_F232I_G236S,559.0,557.3245482692204,-1.6754517307796277
S36,Platynereis_dumerilii,LWS,AY692353.1_K94H,484.0,460.77999413861136,-23.220005861388643
S89,lwsancestor_pigmentd,LWS,lwsancestor_pigmentd_Y277F_T285A,534.0,539.7444180501523,5.744418050152262
S65,Aotus_azaraiboliviensis,LWS,AB081277.2,539.0,533.7987001097306,-5.201299890269411
S4,Carassius_auratus,LWS,L11867.1,562.8,551.4443119865829,-11.35568801341708
S91,lwsancestor_pigmentd,LWS,lwsancestor_pigmentd_S180A_Y277F_T285A,532.0,539.7444180501523,7.744418050152262
