Base Model R^2	MAE	MAPE	SQE	RSQE
0.8237939879290779	3.3742620813991575	0.006885070959140731	31.473371637470688	5.610113335528141
MSP Model Test R^2	MAE	MAPE	SQE	RSQE
-0.7964828066224796	79.0988124422868	0.15663926670985404	9647.239790013131	98.22036341825014