,Accuracy,AUC,F1,Recall,Precision
rf,0.24976190476190477,,0.21595787545787548,0.22960317460317464,0.2535
lg,0.24134920634920634,,0.2087010212010212,0.2324126984126984,0.2414042624042624
lgbm,0.24420634920634918,,0.2066827225062519,0.2201031746031746,0.23886507936507934
xgb,0.24134920634920637,,0.20289845956512625,0.22067724867724867,0.234848885682219
gbc,0.22420634920634921,,0.19147158397158398,0.20267460317460317,0.23628246753246757
et,0.2300793650793651,,0.19133494283494284,0.2109920634920635,0.22333730158730156
dt,0.2215873015873016,,0.18285420135420136,0.21106349206349204,0.2095595238095238
Adaboost,0.1657142857142857,,0.122150559317226,0.16339417989417987,0.11667448292448293
