,Species,Opsin_Family,Accession,Lambda_Max,Prediction,Difference
S218,Mus_musculus,UVS,NP_031564.1_H100N,359.0,357.131162054177,-1.8688379458229747
S121,swsanc6_sp.,SWS,swsanc6,393.0,397.3628997185577,4.362899718557685
S160,"swsanc3,Xenopus_sp.,laevis",UVS,swsanc3_1_151-NM_001085652.1_152_311-swsanc3_312_350,360.0,354.1871988351082,-5.812801164891823
S138,swsanc5_sp.,UVS,"swsanc5_F84S,S118A",369.0,363.98807024415623,-5.0119297558437665
S39,Columba_livia,SWS2,AH007799.2,448.0,449.59037205022383,1.5903720502238343
S235,Homo_sapiens,SWS,"AH003620.2_T46F,L49F,F52T,F88L,L93F,P100T,G114A,T118S",369.0,413.6706163667037,44.67061636670371
S271,Xenopus_laevis,SWS1,U23463_D114H,371.0,402.7256904775239,31.725690477523926
S95,Danio_rerio,SWS2,AB087809.1_V88I,416.0,418.2205484987976,2.220548498797598
S59,Cavia_porcellus,SWS1,AY552608,420.0,423.27370650319307,3.2737065031930683
S37,Carassius_auratus,SWS2,L11864,443.0,443.86010417010806,0.860104170108059
S289,Columba_livia,SWS2,AH007799.2_S269A,448.0,449.59037205022383,1.5903720502238343
S113,Metriaclima_zebra,SWS2,DQ088649,423.0,419.3844088418926,-3.6155911581074065
S123,swsanc1_sp.,UVS,swsanc1_F60I,360.0,359.9213176895175,-0.07868231048252028
S169,swsanc3_sp.,UVS,"swsanc3_V109A,E113D,L116V,S118T",408.0,383.24330687194623,-24.75669312805377
S258,Chlamydera_nuchalis,SWS1,CNUCHCUSTOM_C86F_S90C,363.0,359.6925199831543,-3.307480016845716
S290,Columba_livia,SWS2,AH007799.2_S269C,450.0,449.59037205022383,-0.4096279497761657
S31,Columba_livia,SWS1,AH007798.2,393.0,383.36173382156767,-9.638266178432332
S223,Mus_musculus,UVS,NP_031564.1_S145N,359.0,357.2432440229988,-1.7567559770012053
S257,Chlamydera_nuchalis,SWS1,CNUCHCUSTOM_C86F,365.0,389.8905433039266,24.89054330392662
S151,swsanc5'_sp.,UVS,"swsanc5'_S84C,S89C",360.0,363.04592156162056,3.0459215616205597
S214,Mus_musculus,UVS,NP_031564.1_L81F,359.0,350.53550727179413,-8.464492728205869
S185,swsanc3_sp.,UVS,"swsanc3_L116V,S118T",360.0,360.292436701576,0.2924367015759799
S117,swsanc2_sp.,UVS,swsanc2,360.0,356.68239491642083,-3.317605083579167
S104,Carassius_auratus,SWS2,L11864.1_S80A,443.0,445.66682881193873,2.6668288119387284
S285,Anolis_carolinensis,SWS2,AF133907_I46F_V49I_G164A_A269T,444.0,439.2867808185394,-4.713219181460602
