,Species,Opsin_Family,Accession,Lambda_Max,Prediction,Difference
S85,Chrysochroa_mniszechii,IV-LWS,OP722949.1,572.0,537.0391725649988,-34.96082743500119
S25,Papilio_xuthus,"Rh1,Rh3","AB007423.1_1_58-AB007425.1_59_83-AB007423.1[A116G,F120Y]_84_379",552.0,548.5608220047858,-3.4391779952142087
S41,Eumaeus_atala,BRh1,MN831881.1_A118S_G177S_Y179F,508.0,497.3363443223547,-10.663655677645295
S56,Argopecten_irradians,Rtc,KX550908.1_V216A,510.0,512.1189413595492,2.1189413595492397
S68,Pecten_maximus,Rtc,XM_033877948.1_L204M_W211Y_A216V,505.0,505.3186669737651,0.31866697376511866
S79,Chrysochroa_rajah,inv-UVS,OP722930.1,431.0,435.3219379847559,4.321937984755891
S2,Papilio_xuthus,Rh1,AB007423.1,540.0,546.8979477001245,6.897947700124519
S52,Pieris_rapae,PrV,AB208674.1_A116S,430.0,427.01793568865884,-2.982064311341162
S98,Automeris_io,IV-LWS,OK930069.1,532.0,534.9393559462479,2.939355946247929
S29,Papilio_xuthus,"Rh1,Rh3","AB007423.1_1_58-AB007425.1_59_83-AB007423.1_84_129-AB007425.1[G116A,Y120F]_130_152-AB007423.1_153_379",549.0,549.017068969568,0.017068969567958447
S95,Sympetrum_frequens,IV-LWS,LC009061,557.0,546.5674725478008,-10.432527452199224
S55,Argopecten_irradians,Rtc,KX550908.1_Y211W,509.0,514.0519504307769,5.051950430776856
S27,Papilio_xuthus,"Rh1,Rh3",AB007423.1_1_58-AB007425.1_59_83-AB007423.1_84_129-AB007425.1[G116A]_130_152-AB007423.1_153_379,551.0,550.3354379611393,-0.6645620388607085
S78,Callosobruchus_maculatus,IV-LWS,OP722946.1,511.0,522.1505470130896,11.150547013089636
S24,Papilio_xuthus,"Rh1,Rh3","AB007423.1_1_58-AB007425.1_59_83-AB007423.1[A109F,L122I,A115C]_84_379",543.0,546.1529107057725,3.152910705772456
