,Species,Opsin_Family,Accession,Lambda_Max,Prediction,Difference
S28,Carassius_auratus,SWS1,D85863,359.0,370.94933074589716,11.949330745897157
S232,Mus_musculus,UVS,NP_031564.1_E113Q,360.0,361.501995678377,1.5019956783769999
S253,Bos_taurus,SWS1,U92557.1_S90C,431.0,408.4277408138168,-22.572259186183203
S81,Microstomus_achne,SWS2,A0A1L7P074,452.0,483.6255669802892,31.625566980289193
S201,"Homo,Mus_sapiens,musculus",UVS,AH003620.2_1_92-NP_031564.1_93_346,396.0,402.3794249324463,6.379424932446284
S227,Mus_musculus,UVS,"NP_031564.1_A114G,S118T",363.0,367.38986220498714,4.389862204987139
S263,Mus_musculus,SWS1,NM_007538_F86A,370.0,389.01929169297125,19.01929169297125
S276,Anolis_carolinensis,SWS2,AF133907_G164A,438.0,438.8090573998361,0.8090573998360924
S207,Mus_musculus,UVS,NP_031564.1_R38Y,359.0,359.64183287754855,0.641832877548552
S249,Mus_musculus,UVS,AF190670.1_E113A,354.0,350.9973479368052,-3.0026520631947733
S33,Melopsittacus_undulatus,SWS1,Y11787,371.0,365.527547364315,-5.472452635684988
S37,Carassius_auratus,SWS2,L11864,443.0,442.42949288562096,-0.5705071143790406
S213,Mus_musculus,UVS,NP_031564.1_H64R,359.0,359.0138415484912,0.013841548491200228
S183,swsanc3_sp.,UVS,"swsanc3_V109A,S118T",361.0,377.9417422349475,16.941742234947526
S216,Mus_musculus,UVS,NP_031564.1_T92P,359.0,369.2367674925457,10.23676749254571
S68,Columba_livia,SWS1,AJ238856_V116M,380.0,387.35592271986826,7.355922719868261
S112,Carassius_auratus,SWS2,L11864.1_S272A,442.0,442.42949288562096,0.42949288562095944
S53,Columba_livia,SWS1,AH007798.2_S84C_V85I,359.0,365.19183026568004,6.191830265680039
S221,Mus_musculus,UVS,NP_031564.1_S118T,359.0,365.79925227579923,6.799252275799233
S102,Danio_rerio,SWS2,AB087809.1_C295S,419.0,415.8811461091507,-3.118853890849323
S256,Chlamydera_nuchalis,SWS1,CNUCHCUSTOM_C86S,403.0,391.67946303778666,-11.320536962213339
S11,Gekko_gecko,SWS1,AY024356.1,360.0,378.7382770862158,18.738277086215817
S69,Gallus_gallus,SWS1,NM_205438.1_S86F,372.0,395.47490820779876,23.474908207798762
S125,swsanc1_sp.,UVS,"swsanc1_G82A,L85I,C86V,I87T,S92F,F96V,S98A,L99S,R100Q",362.0,356.994853522258,-5.0051464777420165
S2,Cottus_gobio,SWS2,AJ430489.1_T118A,458.0,455.5210731650338,-2.4789268349662166
