Base Model R^2	Base Model MAE	Base Model MAPE	Base Model SQE	Base Model RSQE
0.7619017181009022	8.453873671332854	0.02026632733288244	896.6839668494812	29.94468177906523