,Accuracy,AUC,F1,Recall,Precision
xgb,0.5724897400820792,,0.5419364368041271,0.557991822991823,0.580783843140986
lg,0.5747606019151845,,0.538504422121824,0.5588996770425342,0.5848958039315182
gbc,0.5677975376196989,,0.5350769748458826,0.5519869786298357,0.5826963552320695
lgbm,0.565485636114911,,0.5343763102416738,0.5490087782587783,0.5689367140795711
et,0.5479343365253078,,0.5123851365901123,0.5296425822854394,0.5469689490403776
rf,0.5467305061559508,,0.511822944209893,0.5251709956709956,0.5541196396196397
dt,0.5326128590971273,,0.49505502777336136,0.5198523328523328,0.525982387982388
Adaboost,0.14120383036935705,,0.07545443528530474,0.14818951418951418,0.06651787883964531
