Base Model R^2	MAE	MAPE	SQE	RSQE
0.9832304524833758	5.183735580548988	0.011545581971723083	66.87636688517937	8.177797190269478
MSP Model Test R^2	MAE	MAPE	SQE	RSQE
0.40681400166703385	38.5174946679712	0.08382300214217366	3185.450784667057	56.439797879395854