,Species,Opsin_Family,Accession,Lambda_Max,Prediction,Difference
S28,Papilio_xuthus,"Rh1,Rh3",AB007423.1_1_58-AB007425.1_59_83-AB007423.1_84_129-AB007425.1[Y120F]_130_152-AB007423.1_153_379,551.0,552.9568374527456,1.9568374527456172
S7,Papilio_xuthus,"Rh1,Rh3",AB007423.1_1_58-AB007425.1_59_83-AB007423.1_84_91-AB007425.1_92_114-AB007423.1_115_129-AB007425.1_130_152-AB007423.1_153_173-AB007425.1_174_190-AB007423.1_191_217-AB007425.1_218_241-AB007423.1_242_379,565.0,562.9654431250682,-2.034556874931809
S13,Papilio_xuthus,"Rh1,Rh3",AB007423.1_1_91-AB007425.1_92_114-AB007423.1_115_129-AB007425.1_130_152-AB007423.1_153_173-AB007425.1_174_190-AB007423.1_191_217-AB007425.1_218_241-AB007423.1_242_280-AB007425.1_281_303-AB007423.1_304_313-AB007425.1_314_339-AB007423.1_340_379,566.0,560.9386942734737,-5.061305726526257
S30,Eumaeus_atala,BRh1,MN831881.1,435.0,499.8125910601517,64.8125910601517
S83,Chrysochroa_rajah,IV-LWS,OP722947.1,584.0,550.9423380835681,-33.057661916431925
S6,Papilio_xuthus,"Rh1,Rh3",AB007423.1_1_58-AB007425.1_59_83-AB007423.1_84_91-AB007425.1_92_114-AB007423.1_115_129-AB007425.1_130_152-AB007423.1_153_173-AB007425.1_174_190-AB007423.1_191_379,561.0,558.1086731623337,-2.89132683766627
S81,Chrysochroa_mniszechii,IV-UVS,OP722932.1,357.0,433.9365065787636,76.93650657876361
S69,Limenitis_a.astyanax,IV-Rh1,AY918902.2,431.0,433.2037849834745,2.2037849834745202
S2,Papilio_xuthus,Rh1,AB007423.1,540.0,545.9020049168557,5.902004916855731
S76,Limenitis_a.archippus,IV-Rh1,EU358777,431.0,431.04421957770774,0.04421957770773588
S3,Papilio_xuthus,"Rh1,Rh3",AB007423.1_1_58-AB007425.1_59_83-AB007423.1_84_379,538.0,547.9287537684502,9.928753768450179
S67,Pecten_maximus,Rtc,XM_033877948.1_W211Y_A216V,494.0,505.14364484580216,11.143644845802157
S98,Automeris_io,IV-LWS,OK930069.1,532.0,540.4524111204086,8.452411120408556
S43,Eumaeus_atala,BRh1,MN831881.1_Y179F_I207C_F208C,520.0,526.116064563027,6.116064563026953
S10,Papilio_xuthus,"Rh1,Rh3",AB007423.1_1_58-AB007425.1_59_83-AB007423.1_84_129-AB007425.1_130_152-AB007423.1_153_379,558.0,552.9568374527456,-5.043162547254383
