Base Model R^2	MAE	MAPE	SQE	RSQE
0.9854015497315275	4.012810855502364	0.009029718427776	62.9596138397027	7.934709436375266