,Species,Opsin_Family,Accession,Lambda_Max,Prediction,Difference
S7,Papilio_xuthus,"Rh1,Rh3",AB007423.1_1_58-AB007425.1_59_83-AB007423.1_84_91-AB007425.1_92_114-AB007423.1_115_129-AB007425.1_130_152-AB007423.1_153_173-AB007425.1_174_190-AB007423.1_191_217-AB007425.1_218_241-AB007423.1_242_379,565.0,565.162324207227,0.1623242072270159
S34,Eumaeus_atala,BRh1,MN831881.1_I122F,528.0,498.0508696181252,-29.949130381874795
S85,Chrysochroa_mniszechii,IV-LWS,OP722949.1,572.0,562.1378829545397,-9.862117045460309
S92,Neogonodactylus_oerstedii,IV-LWS,MT112877,539.0,530.9884701430568,-8.011529856943184
S41,Eumaeus_atala,BRh1,MN831881.1_A118S_G177S_Y179F,508.0,495.0561816855455,-12.943818314454518
S33,Eumaeus_atala,BRh1,MN831881.1_A118S,440.0,495.0561816855455,55.05618168554548
S79,Chrysochroa_rajah,inv-UVS,OP722930.1,431.0,429.8633775556172,-1.1366224443827946
S56,Argopecten_irradians,Rtc,KX550908.1_V216A,510.0,513.909039116575,3.909039116574945
S19,Papilio_xuthus,"Rh1,Rh3",AB007423.1_1_58-AB007425.1_59_83-AB007423.1[A116G]_84-379,550.0,545.4196484266041,-4.5803515733958875
S63,Pecten_maximus,Rtc,XM_033877948.1_W211Y,505.0,503.61864021875823,-1.3813597812417697
S73,Limenitis_a.astyanax,IV-Rh1,AY918902.2_I169F_K201R_T273A,431.0,429.6014578733089,-1.3985421266910976
S12,Papilio_xuthus,"Rh1,Rh3",AB007423.1_1_58-AB007425.1_59_83-AB007423.1_84_129-AB007425.1_130_152-AB007423.1_153_173-AB007425.1_174_190-AB007423.1_191_379,561.0,555.7098107787335,-5.290189221266473
S25,Papilio_xuthus,"Rh1,Rh3","AB007423.1_1_58-AB007425.1_59_83-AB007423.1[A116G,F120Y]_84_379",552.0,545.4196484266041,-6.5803515733958875
S14,Papilio_xuthus,"Rh1,Rh3",AB007423.1_1_58-AB007425.1_59_83-AB007423.1_84_91-AB007425.1_92_114-AB007423.1_115_173-AB007425.1_174_190-AB007423.1_191_217-AB007425.1_218_241-AB007423.1_242_280-AB007425.1_281_303-AB007423.1_304_313-AB007425.1_314_339-AB007423.1_340_379,556.0,560.7588446473624,4.758844647362366
S50,Pieris_rapae,PrB,AB208675.1_S117A_F177Y,425.0,443.94916226196045,18.949162261960453
