,Species,Opsin_Family,Accession,Lambda_Max,Prediction,Difference
S76,Saimiri_sciureus,LWS,AH006281_G236S,556.0,557.4150752000563,1.4150752000563216
S66,Saimiri_sciureus,LWS,AH006283,532.0,532.9112724654273,0.9112724654272597
S63,lwsanc_pigmentz_sp.,LWS,lwsanc_pigmentz_V76A,532.0,532.3283175423637,0.32831754236372035
S9,Taeniopygia_guttata,LWS,AF222333.1,560.0,559.8258798408191,-0.17412015918091583
S74,Saimiri_sciureus,LWS,AH006281,558.0,557.4150752000563,-0.5849247999436784
S20,Odocoileus_virginianus,LWS,AF132041,531.0,530.5345035936558,-0.46549640634418665
S58,lwsanc_pigmentx_sp.,LWS,lwsanc_pigmentx_A58T_V76A_H294N,532.0,532.3283175423637,0.32831754236372035
S61,lwsanc_pigmentz_sp.,LWS,lwsanc_pigmentz_T58A,532.0,532.3283175423637,0.32831754236372035
S5,Carassius_auratus,LWS,L11867.1_S164P,544.0,555.0694729349806,11.069472934980581
S54,lwsanc_pigmentx_sp.,LWS,lwsanc_pigmentx,532.0,532.3283175423637,0.32831754236372035
S86,lwsancestor_pigmentd,LWS,lwsancestor_pigmentd_ S180A_A308S,525.0,529.1382055120783,4.138205512078343
S41,Carassius_auratus,LWS,L11866.1,505.0,505.1741201591787,0.17412015917869894
S62,lwsanc_pigmentz_sp.,LWS,lwsanc_pigmentz_H294N,533.0,532.3283175423637,-0.6716824576362797
S45,Loxodonta_africana,LWS,AY686754.1_A180S,558.0,554.6616704383487,-3.338329561651335
S36,Platynereis_dumerilii,LWS,AY692353.1_K94H,484.0,460.05529505969196,-23.944704940308043
