Base Model R^2	MAE	MAPE	SQE	RSQE
0.875747187403729	3.213378317749368	0.006425945357629052	48.56573044873978	6.968911711934639