Base Model R^2	Base Model MAE	Base Model MAPE	Base Model SQE	Base Model RSQE
0.9473293163035057	8.841541023535276	0.017406095004376197	212.37610681889902	14.573129616485918