Base Model R^2	MAE	MAPE	SQE	RSQE
0.8546549707435793	7.757680911715877	0.019680783350854957	183.1524108186477	13.533381351999495
MSP Model Test R^2	MAE	MAPE	SQE	RSQE
-0.015286162791914082	64.52257600016989	0.15456451911205082	5452.158535461122	73.83873330076243