,Species,Opsin_Family,Accession,Lambda_Max,Prediction,Difference
S103,Carassius_auratus,SWS2,L11864.1_S272A,442.0,442.97091539100103,0.9709153910010286
S202,Mus_musculus,UVS,NP_031564.1_I57M,359.0,359.83735017990205,0.837350179902046
S272,Anolis_carolinensis,SWS2,AF133907_I46F_V49I_V52F_G164A,438.0,441.670774747113,3.6707747471130006
S279,Columba_livia,SWS2,AH007799.2_S269C,450.0,448.365239616864,-1.6347603831359834
S3,Cottus_gobio,SWS2,AJ430489.1_T118G,452.0,459.9354569277104,7.935456927710391
S62,Melopsittacus_undulatus,SWS1,NM_001311081_C90S,420.0,376.7030041548338,-43.29699584516618
S178,swsanc3_sp.,UVS,"swsanc3_V109A,L116V,S118T",360.0,391.08074262119754,31.080742621197544
S52,Columba_livia,SWS1,AJ238856,388.0,382.15711304958387,-5.84288695041613
S99,Carassius_auratus,SWS2,L11864.1_L116T,441.0,441.7635281509367,0.7635281509366791
S43,Columba_livia,SWS1,AH007798.2_V85I,389.0,378.8716647948587,-10.128335205141298
S23,Cottus_gobio,SWS2,AJ430489_T269A,453.0,454.57737243684795,1.577372436847952
S197,Mus_musculus,UVS,NP_031564.1_R38Y,359.0,358.2525524763492,-0.7474475236508056
S176,swsanc3_sp.,UVS,"swsanc3_V109A,E113D,L116V",391.0,380.2341502604307,-10.765849739569319
S139,swsanc5'_sp.,UVS,swsanc5'_S89C,360.0,362.1322045684959,2.132204568495922
S110,swsanc5_sp.,UVS,swsanc5,360.0,366.6822669061955,6.68226690619548
S98,Carassius_auratus,SWS2,L11864.1_S94A,437.0,442.97091539100103,5.970915391001029
S180,swsanc3_sp.,UVS,"swsanc3_T108I,E113D,L116V,S118T",363.0,375.93797581167365,12.937975811673653
S130,swsanc5_sp.,UVS,"swsanc5_F49V,F84S,S118A,A82S",374.0,370.9521521839031,-3.047847816096919
S172,swsanc3_sp.,UVS,"swsanc3_V109A,L116V",359.0,380.2341502604307,21.23415026043068
S249,Ochotona_princeps,SWS1,XM_004592516_A86F,443.0,368.5787649530985,-74.42123504690147
S4,Cottus_gobio,SWS2,AJ430489.1_P215G,465.0,459.9354569277104,-5.064543072289609
S111,swsanc6_sp.,SWS,swsanc6,393.0,395.2305868579508,2.2305868579508115
S108,swsanc3_sp.,UVS,swsanc3,359.0,348.6353200297254,-10.364679970274608
S70,Verasper_variegatus,SWS2,A0A1L7P076,485.0,451.9348536307997,-33.065146369200306
S198,Mus_musculus,UVS,NP_031564.1_F46T,359.0,359.83735017990205,0.837350179902046
