Base Model R^2	MAE	MAPE	SQE	RSQE
0.7533565940797925	11.889652734088036	0.03062467566288125	426.42632273411573	20.65009255994064