Base Model R^2	Base Model MAE	Base Model MAPE	Base Model SQE	Base Model RSQE
0.8481905389858309	13.050392788495953	0.03053149381880801	598.381904198174	24.46184588697619
MSP Model Test R^2	MAE	MAPE	SQE	RSQE
0.7190103871431353	26.88828764292679	0.060706120331805356	1508.934103761108	38.845001013786934