Base Model R^2	Base Model MAE	Base Model MAPE	Base Model SQE	Base Model RSQE
0.8482936570070871	13.041757964988351	0.03051232990080003	597.9754475945848	24.45353650486131