,Species,Opsin_Family,Accession,Lambda_Max,Prediction,Difference
S252,Bos_taurus,SWS1,U92557.1_Y86F_I93T_T97A,361.0,369.8926379407824,8.892637940782379
S62,Gallus_gallus,SWS1,NM_205438.1,419.0,411.54019857709915,-7.459801422900853
S283,Anolis_carolinensis,SWS2,AF133907_I46F_V49I_V52F_G164A,438.0,439.64828100919783,1.6482810091978308
S165,"swsanc3,Xenopus_sp.,laevis",UVS,NM_001085652.1_1_66-swsanc3_67_98-NM_001085652.1_99_347,404.0,391.4743507723076,-12.525649227692384
S167,Xenopus_laevis,UVS,"NM_001085652.1_M86F,I91V,P93T,A109V,D113E,V116L,T118S",355.0,378.04103213212557,23.041032132125565
S54,Poecilia_reticulata,SWS2-A,LC127188,438.0,438.4598193164917,0.4598193164916893
S49,Gallus_gallus,SWS,M92039_S84C,369.0,389.4297367320009,20.42973673200089
S196,swsanc3_sp.,UVS,"swsanc3_F46M,F49L,F86M,V91I,T93P",385.0,389.2035613586961,4.203561358696106
S155,"swsanc3,Xenopus_sp.,laevis",UVS,swsanc3_1_98-NM_001085652.1_99-151-swsanc3_152_350,410.0,397.1891979112776,-12.810802088722426
S102,Danio_rerio,SWS2,AB087809.1_C295S,419.0,416.3638707605706,-2.6361292394294082
S74,Grus_americana,SWS2,KM508491,450.0,449.4809744901378,-0.5190255098622174
S285,Anolis_carolinensis,SWS2,AF133907_I46F_V49I_G164A_A269T,444.0,439.64828100919783,-4.351718990802169
S255,Chlamydera_nuchalis,SWS1,CNUCHCUSTOM_S90C,363.0,373.9640356269505,10.964035626950476
S256,Chlamydera_nuchalis,SWS1,CNUCHCUSTOM_C86S,403.0,404.11860422426014,1.1186042242601388
S143,swsanc5_sp.,UVS,"swsanc5_F49V,F84S,S118A,V119T",375.0,369.83272515081535,-5.1672748491846505
S58,Geotria_australis,SWS2,AY366492,439.0,419.8147390584262,-19.1852609415738
S216,Mus_musculus,UVS,NP_031564.1_T92P,359.0,364.6799929407789,5.679992940778902
S97,Danio_rerio,SWS2,AB087809.1_Y99F,418.0,416.3638707605706,-1.6361292394294082
S18,Rattus_norvegicus,SWS1,U63972.1,358.0,358.3501197356006,0.35011973560057186
S106,Carassius_auratus,SWS2,L11864.1_P92S,440.0,443.3009219385744,3.3009219385743904
S242,Loxodonta_africana,SWS1,"AY686753.1_S86F,I92T,V116L",360.0,362.1094166366359,2.109416636635899
S163,"swsanc3,Xenopus_sp.,laevis",UVS,NM_001085652.1_1_30-swsanc3_31_98-NM_001085652.1_99_347,404.0,388.1981747349324,-15.801825265067578
S253,Bos_taurus,SWS1,U92557.1_S90C,431.0,415.8314161861491,-15.168583813850887
S200,"Homo,Mus_sapiens,musculus",UVS,NP_031564.1_1_253-AH003620.2_254_348,360.0,357.6383033700654,-2.361696629934613
S267,Xenopus_laevis,SWS1,U23463_D114A,353.0,403.2293763594366,50.22937635943663
