Base Model R^2	MAE	MAPE	SQE	RSQE
0.8953096784088096	8.550857153446088	0.016999485299798025	232.64236734962506	15.252618376843534
MSP Model Test R^2	MAE	MAPE	SQE	RSQE
0.446166503756128	40.34170365496229	0.08876321734128029	2974.1250638803153	54.535539457131215