Base Model R^2	Base Model MAE	Base Model MAPE	Base Model SQE	Base Model RSQE
0.7921073203309745	10.181874069741909	0.018560175997822156	209.91709558238847	14.488515989651544