Base Model R^2	MAE	MAPE	SQE	RSQE
0.881812617275925	6.734919746815296	0.0172376118254429	126.56667905939958	11.250185734440102