,Accuracy,AUC,F1,Recall,Precision
gbc,0.6336491228070176,0.9416652765957487,0.6053532437477719,0.633054279054279,0.6241310633810634
xgb,0.6243859649122807,0.9419405599739479,0.5947775054596969,0.621166292041292,0.6183520397730924
rf,0.6176666666666667,0.9332719037581457,0.5839538231947977,0.618004564879565,0.6019292651792651
lgbm,0.6203684210526317,0.9432974361996624,0.5830084760254028,0.6102362082362082,0.6043029748029748
et,0.6150526315789474,0.8965964747515184,0.5811955351703232,0.6153978243978244,0.5981095655290701
lg,0.6058596491228071,0.9368708296417235,0.5800029709357513,0.6118102314352315,0.6026359057609059
dt,0.612421052631579,0.8313080124651722,0.579821595020047,0.6117115662115662,0.5973535288241172
Adaboost,0.18135087719298246,0.6720490259797872,0.12169567365507608,0.2101233766233766,0.1531242761016013
