Base Model R^2	Base Model MAE	Base Model MAPE	Base Model SQE	Base Model RSQE
0.8486154896350588	13.045860493958562	0.030505330729206775	596.7068914751422	24.42758464267686
MSP Model Test R^2	MAE	MAPE	SQE	RSQE
0.7199885017098333	27.005448589313303	0.061008278764554634	1503.6815593269193	38.777333061041205