Base Model R^2	Base Model MAE	Base Model MAPE	Base Model SQE	Base Model RSQE
0.8298426329439704	9.362930464094006	0.01722402289441205	146.24385906765613	12.093132723478071