	Lambda_Max	Species	Opsin_Family	Accession
S352	435.00000	Eumaeus_atala	BRh1	MN831881.1
S353	500.00000	Eumaeus_atala	BRh2	MN831882.1
S357	450.00000	Eumaeus_atala	BRh1	MN831881.1_A118S_I122F
S358	440.00000	Eumaeus_atala	BRh1	MN831881.1_A118S
S359	528.00000	Eumaeus_atala	BRh1	MN831881.1_I122F
S360	530.00000	Eumaeus_atala	BRh1	MN831881.1_G177S
S361	516.00000	Eumaeus_atala	BRh1	MN831881.1_Y179F
S362	527.00000	Eumaeus_atala	BRh1	MN831881.1_A118S_G177S
S363	526.00000	Eumaeus_atala	BRh1	MN831881.1_A118S_Y179F
S364	528.00000	Eumaeus_atala	BRh1	MN831881.1_I207C_F208C
S365	475.00000	Eumaeus_atala	BRh1	MN831881.1_A118S_I122F_Y179F
S366	508.00000	Eumaeus_atala	BRh1	MN831881.1_A118S_G177S_Y179F
S367	535.00000	Eumaeus_atala	BRh1	MN831881.1_I122F_I207C_F208C
S368	520.00000	Eumaeus_atala	BRh1	MN831881.1_Y179F_I207C_F208C
S369	526.00000	Eumaeus_atala	BRh1	MN831881.1_A118S_Y179F_I207C_F208C
S370	533.00000	Eumaeus_atala	BRh1	MN831881.1_A118S_I122F_I207C_F208C
S371	528.00000	Eumaeus_atala	BRh1	MN831881.1_A118S_I122F_Y179F_I207C_F208C
S423	450.00000	Pieris_rapae	PrB	AB208675.1
S424	437.00000	Pieris_rapae	PrB	AB208675.1_S117A
S425	446.00000	Pieris_rapae	PrB	AB208675.1_F177Y
S426	425.00000	Pieris_rapae	PrB	AB208675.1_S117A_F177Y
S427	420.00000	Pieris_rapae	PrV	AB208674.1
S428	430.00000	Pieris_rapae	PrV	AB208674.1_A116S
S438	525.00000	Argopecten_irradians	Rtc	KX550908.1
S439	521.00000	Argopecten_irradians	Rtc	KX550908.1_M204L
S440	509.00000	Argopecten_irradians	Rtc	KX550908.1_Y211W
S441	510.00000	Argopecten_irradians	Rtc	KX550908.1_V216A
S442	521.00000	Argopecten_irradians	Rtc	KX550908.1_M204L_V216A
S443	513.00000	Argopecten_irradians	Rtc	KX550908.1_M204L_Y211W
S444	515.00000	Argopecten_irradians	Rtc	KX550908.1_Y211W_V216A
S445	513.00000	Argopecten_irradians	Rtc	KX550908.1_M204L_Y211W_V216A
S446	496.00000	Pecten_maximus	Rtc	XM_033877948.1
S447	508.00000	Pecten_maximus	Rtc	XM_033877948.1_L204M
S448	505.00000	Pecten_maximus	Rtc	XM_033877948.1_W211Y
S449	498.00000	Pecten_maximus	Rtc	XM_033877948.1_A216V
S450	505.00000	Pecten_maximus	Rtc	XM_033877948.1_L204M_A216V
S451	500.00000	Pecten_maximus	Rtc	XM_033877948.1_L204M_W211Y
S452	494.00000	Pecten_maximus	Rtc	XM_033877948.1_W211Y_A216V
S453	505.00000	Pecten_maximus	Rtc	XM_033877948.1_L204M_W211Y_A216V
