,Species,Opsin_Family,Accession,Lambda_Max,Prediction,Difference
S9,Taeniopygia_guttata,LWS,AF222333.1,560.0,557.5775522090701,-2.4224477909299367
S23,Anolis_carolinensis,MWS,AH007737.2,482.0,517.798558720433,35.79855872043299
S45,Loxodonta_africana,LWS,AY686754.1_A180S,558.0,545.7539311487417,-12.246068851258315
S57,lwsanc_pigmentx_sp.,LWS,lwsanc_pigmentx_A180S,533.0,524.456421225136,-8.543578774864045
S88,lwsancestor_pigmentd,LWS,lwsancestor_pigmentd_H197Y_A308S,516.0,531.6710736079496,15.671073607949552
S26,Poecilia_reticulata,LWS1,AB748984,562.0,557.8092265046791,-4.190773495320855
S24,Columba_livia,MWS,U50598.1,481.0,529.4246477498697,48.42464774986968
S50,lwsanc_pigmente_sp.,LWS,lwsanc_pigmente,558.0,546.2531305009749,-11.746869499025138
S52,lwsanc_pigmentg_sp.,LWS,lwsanc_pigmentg,561.0,560.6968281938132,-0.3031718061868105
S46,lwsanc_pigmenta_sp.,LWS,lwsanc_pigmenta,563.0,559.7014784125921,-3.2985215874078904
S29,Platynereis_dumerilii,LWS,AY692353.1,383.0,477.95018050198615,94.95018050198615
S5,Carassius_auratus,LWS,L11867.1_S164P,544.0,549.5969268590338,5.596926859033829
S32,Platynereis_dumerilii,LWS,AY692353.1_K94S,491.0,477.95018050198615,-13.049819498013846
S39,Otolemur_crassicaudatus,LWS,AB112590.1,539.0,538.9143560170293,-0.08564398297073694
S16,Rattus_norvegicus,MWS,AH006946.2,509.0,516.049637391948,7.049637391947954
