Base Model R^2	MAE	MAPE	SQE	RSQE
0.5959111777406834	17.558528007813184	0.03457141951206337	902.2854413470253	30.038066538095045