Base Model R^2	MAE	MAPE	SQE	RSQE
0.8401386915855377	7.772669611062752	0.020018338148564515	158.23609440859752	12.579192915628472