,Species,Opsin_Family,Accession,Lambda_Max,Prediction,Difference
S701,Mus_musculus,UVS,NP_031564.1_S118T,359.0,361.0691085887379,2.0691085887378904
S227,Xenopus_laevis,SWS1,NM_001085652.1,423.0,408.8095488395335,-14.190451160466523
S662,swsanc3_sp.,UVS,"swsanc3_V109A,L116V",359.0,380.268851633701,21.26885163370099
S773,Chlamydera_nuchalis,SWS1,CNUCHCUSTOM,403.0,401.11261217775774,-1.8873878222422604
S657,swsanc3_sp.,UVS,swsanc3_V109A,360.0,368.5334077850829,8.533407785082886
S618,swsanc5_sp.,UVS,"swsanc5_F84S,S118A",369.0,366.1848935042906,-2.815106495709415
S693,Mus_musculus,UVS,NP_031564.1_H64R,359.0,358.54247579375055,-0.45752420624944534
S610,swsanc6_sp.,SWS,"swsanc6_F81V,I85M,I88V",392.0,395.2552740802488,3.255274080248796
S635,"swsanc3,Xenopus_sp.,laevis",UVS,swsanc3_1_98-NM_001085652.1_99-151-swsanc3_152_350,410.0,399.35012548449674,-10.649874515503257
S845,Anolis_carolinensis,SWS2,AF133907_I46A_V49I_G164A,438.0,438.52766220861264,0.5276622086126395
S707,Mus_musculus,UVS,"NP_031564.1_A114G,S118T",363.0,361.26596369973225,-1.7340363002677464
S249,Cottus_gobio,SWS2,AJ430489_T269A,453.0,459.6420236655765,6.642023665576517
S691,Mus_musculus,UVS,NP_031564.1_T52F,359.0,359.39852281077617,0.39852281077617135
S457,Bos_taurus,SWS1,U92557.1,435.0,439.4342252668759,4.434225266875899
S607,swsanc1_sp.,UVS,"swsanc1_H107R,V109L,L112M,L116M,V119I,I137V",361.0,381.9842881237438,20.984288123743795
S379,Poecilia_reticulata,SWS2-B,LC127189,408.0,405.9011772232783,-2.098822776721704
S349,Columba_livia,SWS1,AH007798.2_V85I,389.0,382.4760686591985,-6.523931340801482
S380,Poecilia_reticulata,SWS1,LC127190,353.0,372.41335664394944,19.41335664394944
S706,Mus_musculus,UVS,"NP_031564.1_L81F,F85L,T92P",381.0,398.3673988593923,17.367398859392324
S705,Mus_musculus,UVS,NP_031564.1_N149S,359.0,359.09950846768726,0.09950846768725796
S312,Melopsittacus_undulatus,SWS1,Y11787,371.0,366.18421619816127,-4.815783801838734
S615,swsanc5_sp.,UVS,swsanc5_S118A,357.0,366.1848935042906,9.184893504290585
S342,Taeniopygia_guttata,SWS,AF222331_C84S,397.0,393.5901135713996,-3.409886428600373
S633,"swsanc3,Xenopus_sp.,laevis",UVS,swsanc3_1_30-NM_001085652.1_31_66-swsanc3_67_350,359.0,358.50776904667913,-0.4922309533208704
S231,Columba_livia,SWS1,AH007798.2,393.0,382.4760686591985,-10.523931340801482
