Base Model R^2	MAE	MAPE	SQE	RSQE
0.8897725239727414	6.951099551247939	0.017948204178175334	93.19071733248543	9.653533929731921