,Accuracy,AUC,F1,Recall,Precision
gbc,0.8504924760601915,0.9724455697684281,0.8485260528228309,0.8574754416550082,0.8526494430996383
xgb,0.849329685362517,0.9695906107982246,0.8480963877818809,0.8570401725336778,0.8515042538953239
lg,0.8492476060191517,0.9677224349958051,0.8479727691290588,0.853075462407203,0.8536078507170319
lgbm,0.842311901504788,0.9705559690803673,0.8395924647614477,0.8477244151916045,0.8437189333507155
rf,0.8211901504787962,0.9588200301437537,0.8169730313527053,0.8257286744379894,0.8204237865478017
dt,0.8153351573187415,0.9072511595841007,0.8122393305609904,0.8205395220833369,0.816121633920887
et,0.815389876880985,0.9380451159544506,0.8103754735758896,0.8169446094019053,0.8142392894143882
Adaboost,0.5547879616963064,0.8330187352248883,0.5510302698817029,0.5602092731978988,0.5830224812736429
