,Species,Opsin_Family,Accession,Lambda_Max,Prediction,Difference
S18,Papilio_xuthus,"Rh1,Rh3",AB007423.1_1_58-AB007425.1_59_83-AB007423.1[A115C]_84_379,543.0,548.3834892840977,5.383489284097664
S7,Papilio_xuthus,"Rh1,Rh3",AB007423.1_1_58-AB007425.1_59_83-AB007423.1_84_91-AB007425.1_92_114-AB007423.1_115_129-AB007425.1_130_152-AB007423.1_153_173-AB007425.1_174_190-AB007423.1_191_217-AB007425.1_218_241-AB007423.1_242_379,565.0,564.4213645497123,-0.5786354502877202
S3,Papilio_xuthus,"Rh1,Rh3",AB007423.1_1_58-AB007425.1_59_83-AB007423.1_84_379,538.0,548.3834892840977,10.383489284097664
S5,Papilio_xuthus,"Rh1,Rh3",AB007423.1_1_58-AB007425.1_59_83-AB007423.1_84_91-AB007425.1_92_114-AB007423.1_115_129-AB007425.1_130_152-AB007423.1_153_379,547.0,550.6150739483563,3.6150739483563257
S79,Chrysochroa_rajah,inv-UVS,OP722930.1,431.0,431.7836211761419,0.7836211761418781
S32,Eumaeus_atala,BRh1,MN831881.1_A118S_I122F,450.0,503.6491061367784,53.649106136778414
S24,Papilio_xuthus,"Rh1,Rh3","AB007423.1_1_58-AB007425.1_59_83-AB007423.1[A109F,L122I,A115C]_84_379",543.0,542.7862327823514,-0.2137672176486376
S15,Papilio_xuthus,"Rh1,Rh3",AB007423.1_1_91-AB007425.1_92_114-AB007423.1_115_173-AB007425.1_174_190-AB007423.1_191_217-AB007425.1_218_241-AB007423.1_242_280-AB007425.1_281_303-AB007423.1_304_313-AB007425.1_314_339-AB007423.1_340_379,550.0,561.2144083924076,11.214408392407563
S35,Eumaeus_atala,BRh1,MN831881.1_G177S,530.0,495.7677888561057,-34.23221114389429
S46,Eumaeus_atala,BRh1,MN831881.1_A118S_I122F_Y179F_I207C_F208C,528.0,538.0095958525508,10.009595852550774
S86,Chrysochroa_mniszechii,IV-LWS,OP722950.1,507.0,525.4679617277029,18.467961727702914
S81,Chrysochroa_mniszechii,IV-UVS,OP722932.1,357.0,455.91394095973567,98.91394095973567
S49,Pieris_rapae,PrB,AB208675.1_F177Y,446.0,439.30423925432626,-6.695760745673738
S30,Eumaeus_atala,BRh1,MN831881.1,435.0,495.7677888561057,60.76778885610571
S80,Chrysochroa_rajah,IV-UVS,OP722931.1,356.0,456.66745839518416,100.66745839518416
