Base Model R^2	MAE	MAPE	SQE	RSQE
0.9499469869931589	2.0401811619293073	0.00411292080163316	9.95962140528817	3.1558867858793938