,Accuracy,AUC,F1,Recall,Precision
gbc,0.5200526315789473,0.9191526060509803,0.483345504970892,0.5217279942279942,0.5148553886200945
lgbm,0.5081052631578948,0.9263467988474303,0.4765811926177251,0.5158256373256375,0.5178056110556111
xgb,0.5081228070175439,0.9225227911048863,0.47266403218002806,0.5148944203944203,0.5207539682539682
lg,0.5081228070175439,0.9222803832847163,0.47224480243984895,0.5151354016354015,0.5079241716888776
rf,0.49617543859649127,0.9116991292355381,0.46375447783497314,0.5129632034632035,0.49785120108649517
et,0.4935263157894737,0.8714823419276831,0.45478162738534256,0.4974050024050024,0.49041373114902526
dt,0.49352631578947365,0.7831146319059303,0.45330626653474954,0.4876060606060606,0.485360149110149
Adaboost,0.15352631578947368,0.6059957529695612,0.06901230668357389,0.1312936507936508,0.07099801100403708
