Base Model R^2	MAE	MAPE	SQE	RSQE
0.9027782506613621	12.490129128295525	0.026918106872889012	387.3357800107359	19.68084805110633
MSP Model Test R^2	MAE	MAPE	SQE	RSQE
0.6054788111811804	32.01362890589672	0.07170033192209384	2118.6067001285905	46.02832497635114