,Species,Opsin_Family,Accession,Lambda_Max,Prediction,Difference
S20,Papilio_xuthus,"Rh1,Rh3",AB007423.1_1_58-AB007425.1_59_83-AB007423.1[F120Y]_84_379,547.0,544.6027092318997,-2.3972907681003335
S43,Eumaeus_atala,BRh1,MN831881.1_Y179F_I207C_F208C,520.0,526.2244258236638,6.224425823663751
S15,Papilio_xuthus,"Rh1,Rh3",AB007423.1_1_91-AB007425.1_92_114-AB007423.1_115_173-AB007425.1_174_190-AB007423.1_191_217-AB007425.1_218_241-AB007423.1_242_280-AB007425.1_281_303-AB007423.1_304_313-AB007425.1_314_339-AB007423.1_340_379,550.0,553.8853187962966,3.8853187962965876
S58,Argopecten_irradians,Rtc,KX550908.1_M204L_Y211W,513.0,508.9506077480225,-4.049392251977508
S31,Eumaeus_atala,BRh2,MN831882.1,500.0,506.3565716407879,6.356571640787877
S87,Chrysochroa_rajah,IV-UVS,OP722931.1_F261Y,559.0,485.56123191648015,-73.43876808351985
S72,Limenitis_a.astyanax,IV-Rh1,AY918902.2_T273A,430.0,430.035641353421,0.03564135342099917
S56,Argopecten_irradians,Rtc,KX550908.1_V216A,510.0,508.9506077480225,-1.0493922519775083
S11,Papilio_xuthus,"Rh1,Rh3",AB007423.1_1_91-AB007425.1_92_114-AB007423.1_115_129-AB007425.1_130_152-AB007423.1_153_173-AB007425.1_174_190-AB007423.1_191_379,560.0,560.889522755124,0.8895227551239486
S89,Chrysochroa_rajah,IV-LWS,OP722948.1_C122T,507.0,511.03617875643425,4.0361787564342535
S3,Papilio_xuthus,"Rh1,Rh3",AB007423.1_1_58-AB007425.1_59_83-AB007423.1_84_379,538.0,544.6027092318997,6.6027092318996665
S54,Argopecten_irradians,Rtc,KX550908.1_M204L,521.0,508.9506077480225,-12.049392251977508
S95,Sympetrum_frequens,IV-LWS,LC009061,557.0,560.0534448379686,3.053444837968641
S71,Limenitis_a.astyanax,IV-Rh1,AY918902.2_K201R,429.0,426.68633516891424,-2.3136648310857595
S78,Callosobruchus_maculatus,IV-LWS,OP722946.1,511.0,529.5703936610154,18.570393661015373
