Base Model R^2	MAE	MAPE	SQE	RSQE
0.7411144838495547	9.663473819683304	0.01922459981785821	405.07644121716083	20.126510905200654