Base Model R^2	Base Model MAE	Base Model MAPE	Base Model SQE	Base Model RSQE
0.9503582120670456	8.771523965601073	0.017591824370542946	205.22553598552904	14.325694956459495
MSP Model Test R^2	MAE	MAPE	SQE	RSQE
0.3720036309544291	44.247123123958154	0.09571406082969902	3372.3849385625354	58.07223896632999