,Species,Opsin_Family,Accession,Lambda_Max,Prediction,Difference
S85,Chrysochroa_mniszechii,IV-LWS,OP722949.1,572.0,538.3015377423728,-33.69846225762717
S39,Eumaeus_atala,BRh1,MN831881.1_I207C_F208C,528.0,499.2717756124012,-28.7282243875988
S81,Chrysochroa_mniszechii,IV-UVS,OP722932.1,357.0,368.5412653933589,11.541265393358913
S78,Callosobruchus_maculatus,IV-LWS,OP722946.1,511.0,521.5293329711468,10.5293329711468
S6,Papilio_xuthus,"Rh1,Rh3",AB007423.1_1_58-AB007425.1_59_83-AB007423.1_84_91-AB007425.1_92_114-AB007423.1_115_129-AB007425.1_130_152-AB007423.1_153_173-AB007425.1_174_190-AB007423.1_191_379,561.0,558.7333688590089,-2.2666311409910804
S27,Papilio_xuthus,"Rh1,Rh3",AB007423.1_1_58-AB007425.1_59_83-AB007423.1_84_129-AB007425.1[G116A]_130_152-AB007423.1_153_379,551.0,547.3139206039469,-3.68607939605306
S28,Papilio_xuthus,"Rh1,Rh3",AB007423.1_1_58-AB007425.1_59_83-AB007423.1_84_129-AB007425.1[Y120F]_130_152-AB007423.1_153_379,551.0,547.3202433065657,-3.679756693434342
S29,Papilio_xuthus,"Rh1,Rh3","AB007423.1_1_58-AB007425.1_59_83-AB007423.1_84_129-AB007425.1[G116A,Y120F]_130_152-AB007423.1_153_379",549.0,544.912094887399,-4.087905112600993
S16,Papilio_xuthus,"Rh1,Rh3",AB007423.1_1_58-AB007425.1_59_83-AB007423.1[A109F]_84_379,543.0,552.2522045560866,9.252204556086554
S87,Chrysochroa_rajah,IV-UVS,OP722931.1_F261Y,559.0,361.44896419547223,-197.55103580452777
S72,Limenitis_a.astyanax,IV-Rh1,AY918902.2_T273A,430.0,429.2014304623907,-0.7985695376092963
S25,Papilio_xuthus,"Rh1,Rh3","AB007423.1_1_58-AB007425.1_59_83-AB007423.1[A116G,F120Y]_84_379",552.0,549.4299457833363,-2.5700542166637206
S52,Pieris_rapae,PrV,AB208674.1_A116S,430.0,425.761637895396,-4.238362104603993
S10,Papilio_xuthus,"Rh1,Rh3",AB007423.1_1_58-AB007425.1_59_83-AB007423.1_84_129-AB007425.1_130_152-AB007423.1_153_379,558.0,549.7220690231136,-8.27793097688641
S19,Papilio_xuthus,"Rh1,Rh3",AB007423.1_1_58-AB007425.1_59_83-AB007423.1[A116G]_84-379,550.0,547.0281200667883,-2.9718799332116532
