Base Model R^2	MAE	MAPE	SQE	RSQE
0.25254653127814153	21.591846298826702	0.053130316152425944	2764.5679415842483	52.579158813965904