,Species,Opsin_Family,Accession,Lambda_Max,Prediction,Difference
S56,Poecilia_reticulata,SWS1,LC127190,353.0,364.4370952380952,11.437095238095196
S173,swsanc3_sp.,UVS,"swsanc3_F49L,F86M,V91I,T93P,V109A,E113D,L116V,S118T",422.0,417.21,-4.7900000000000205
S8,Xenopus_laevis,SWS1,U23463.1,423.0,423.08945310245326,0.08945310245326255
S62,Gallus_gallus,SWS1,NM_205438.1,419.0,415.35180952380955,-3.6481904761904502
S188,swsanc3_sp.,UVS,"swsanc3_V109A,L116V,S118T",360.0,383.25483333333335,23.25483333333335
S27,Cottus_gobio,SWS2,AJ430489,463.0,463.98143650793645,0.9814365079364507
S147,swsanc5'_sp.,UVS,swsanc5'_F46L,393.0,390.31,-2.6899999999999977
S263,Mus_musculus,SWS1,NM_007538_F86A,370.0,385.96565476190466,15.96565476190466
S88,Lucania_goodei,SWS2,Q7T2U7,397.0,404.53,7.529999999999973
S254,Chlamydera_nuchalis,SWS1,CNUCHCUSTOM,403.0,397.782,-5.218000000000018
S81,Microstomus_achne,SWS2,A0A1L7P074,452.0,466.57399999999996,14.573999999999955
S79,Verasper_variegatus,SWS2,A0A1L7P076,485.0,466.57399999999996,-18.426000000000045
S214,Mus_musculus,UVS,NP_031564.1_L81F,359.0,362.233,3.233000000000004
S290,Columba_livia,SWS2,AH007799.2_S269C,450.0,449.0439999999999,-0.9560000000000741
S145,swsanc5_sp.,UVS,"swsanc5_A82S,L85I,R107K,V119T,A120G",360.0,363.91,3.910000000000025
S2,Cottus_gobio,SWS2,AJ430489.1_T118A,458.0,457.93399999999997,-0.06600000000003092
S219,Mus_musculus,UVS,NP_031564.1_L104V,359.0,359.5555238095239,0.5555238095238906
S143,swsanc5_sp.,UVS,"swsanc5_F49V,F84S,S118A,V119T",375.0,374.41,-0.589999999999975
S220,Mus_musculus,UVS,NP_031564.1_A114G,359.0,359.91430952380955,0.9143095238095498
S76,Carassius_auratus,SWS1,D85863.1_F86L,360.0,363.438158008658,3.438158008657979
S150,swsanc5'_sp.,UVS,swsanc5'_A114G,398.0,393.54,-4.4599999999999795
S253,Bos_taurus,SWS1,U92557.1_S90C,431.0,430.23,-0.7699999999999818
S119,swsanc4_sp.,UVS,swsanc4,360.0,360.3133333333333,0.31333333333327573
S156,"swsanc3,Xenopus_sp.,laevis",UVS,swsanc3_1_30-NM_001085652.1_31_98-swsanc3_99_350,389.0,389.01,0.009999999999990905
S286,Carassius_auratus,SWS2,L11864_A269S,448.0,445.59057356532355,-2.4094264346764476
