Base Model R^2	MAE	MAPE	SQE	RSQE
0.9578392375507596	5.209216581196583	0.012874329540469645	66.92660142690352	8.18086801182512