,Species,Opsin_Family,Accession,Lambda_Max,Prediction,Difference
S33,Eumaeus_atala,BRh1,MN831881.1_A118S,440.0,494.2747710185509,54.274771018550894
S18,Papilio_xuthus,"Rh1,Rh3",AB007423.1_1_58-AB007425.1_59_83-AB007423.1[A115C]_84_379,543.0,545.2094691705602,2.209469170560169
S83,Chrysochroa_rajah,IV-LWS,OP722947.1,584.0,583.9845359757583,-0.015464024241737206
S76,Limenitis_a.archippus,IV-Rh1,EU358777,431.0,432.1921463330001,1.192146333000096
S23,Papilio_xuthus,"Rh1,Rh3","AB007423.1_1_58-AB007425.1_59_83-AB007423.1[A116G,F120Y,I123V]_84_379",550.0,551.6906094409075,1.6906094409074512
S52,Pieris_rapae,PrV,AB208674.1_A116S,430.0,421.39393844811644,-8.606061551883556
S1,Papilio_xuthus,Rh3,AB007425.1,571.0,570.5045846377152,-0.49541536228480254
S90,Chrysochroa_rajah,IV-LWS,OP722948.1_V211C,511.0,514.0960264464644,3.096026446464407
S37,Eumaeus_atala,BRh1,MN831881.1_A118S_G177S,527.0,494.2747710185509,-32.725228981449106
S91,Chrysochroa_rajah,IV-LWS,OP722948.1_C122T_V211C,519.0,508.9039735535358,-10.09602644646418
S61,Pecten_maximus,Rtc,XM_033877948.1,496.0,501.3522317083754,5.352231708375427
S15,Papilio_xuthus,"Rh1,Rh3",AB007423.1_1_91-AB007425.1_92_114-AB007423.1_115_173-AB007425.1_174_190-AB007423.1_191_217-AB007425.1_218_241-AB007423.1_242_280-AB007425.1_281_303-AB007423.1_304_313-AB007425.1_314_339-AB007423.1_340_379,550.0,553.5634048908419,3.5634048908418663
S68,Pecten_maximus,Rtc,XM_033877948.1_L204M_W211Y_A216V,505.0,501.3522317083754,-3.6477682916245726
S21,Papilio_xuthus,"Rh1,Rh3",AB007423.1_1_58-AB007425.1_59_83-AB007423.1[I123V]_84_379,548.0,545.1662420551913,-2.833757944808667
S8,Papilio_xuthus,"Rh1,Rh3",AB007423.1_1_58-AB007425.1_59_83-AB007423.1_84_91-AB007425.1_92_114-AB007423.1_115_129-AB007425.1_130_152-AB007423.1_153_173-AB007425.1_174_190-AB007423.1_191_217-AB007425.1_218_241-AB007423.1_242_280-AB007425.1_281_303-AB007423.1_304_379,569.0,567.0159271806424,-1.984072819357607
