Base Model R^2	MAE	MAPE	SQE	RSQE
0.8795488943889306	8.785496962054303	0.01774368538034071	285.2196526750577	16.888447313920178