Base Model R^2	Base Model MAE	Base Model MAPE	Base Model SQE	Base Model RSQE
0.8591409205554026	12.41301117707781	0.029382797203679867	556.0436435091391	23.580577675475617
MSP Model Test R^2	MAE	MAPE	SQE	RSQE
0.8356213834943566	19.147698308449765	0.04469910290654525	882.7248020046312	29.710684980401094