,Species,Opsin_Family,Accession,Lambda_Max,Prediction,Difference
S66,Columba_livia,SWS1,AJ238856_S86F,357.0,370.405685680794,13.405685680794022
S44,Taeniopygia_guttata,SWS,AF222331_C84S,397.0,391.4287557382611,-5.5712442617389115
S198,"Homo,Mus_sapiens,musculus",UVS,NP_031564.1_1_92-AH003620.2_93_348,365.0,370.57770467585635,5.577704675856353
S37,Carassius_auratus,SWS2,L11864,443.0,442.4112352300461,-0.5887647699539116
S212,Mus_musculus,UVS,NP_031564.1_I57M,359.0,358.65535963661705,-0.34464036338295045
S53,Columba_livia,SWS1,AH007798.2_S84C_V85I,359.0,363.61885569043005,4.618855690430053
S22,Notamacropus_eugenii,SWS1,AY286017.1,420.0,413.85543814385323,-6.144561856146765
S283,Anolis_carolinensis,SWS2,AF133907_I46F_V49I_V52F_G164A,438.0,439.004700129901,1.0047001299009821
S237,Loxodonta_africana,SWS1,AY686753.1_I92T,412.0,397.337638349642,-14.66236165035798
S97,Danio_rerio,SWS2,AB087809.1_Y99F,418.0,416.15897335082695,-1.8410266491730454
S115,Carassius_auratus,SWS2,L11864.1,441.0,442.4112352300461,1.4112352300460884
S3,Cottus_gobio,SWS2,AJ430489.1_T118G,452.0,460.67069990981423,8.670699909814232
S182,swsanc3_sp.,UVS,"swsanc3_V109A,L116V",359.0,372.7013921317201,13.701392131720127
S60,Carassius_auratus,SWS1,D85863,358.0,371.2763178923612,13.276317892361192
S59,Cavia_porcellus,SWS1,AY552608,420.0,419.39144717616296,-0.6085528238370443
S141,swsanc5_sp.,UVS,"swsanc5_F49V,F84S,S118A,L85I",374.0,378.18978054436167,4.189780544361668
S185,swsanc3_sp.,UVS,"swsanc3_L116V,S118T",360.0,365.68651112177105,5.686511121771048
S252,Bos_taurus,SWS1,U92557.1_Y86F_I93T_T97A,361.0,380.2453813869567,19.245381386956694
S125,swsanc1_sp.,UVS,"swsanc1_G82A,L85I,C86V,I87T,S92F,F96V,S98A,L99S,R100Q",362.0,357.5154842309549,-4.484515769045117
S57,Geotria_australis,SWS1,KT749677,358.0,379.77385917714633,21.773859177146335
S203,"Homo,Mus_sapiens,musculus",SWS,AH003620.2_1_253-NP_031564.1_254_346,414.0,409.7785629097831,-4.221437090216909
S100,Danio_rerio,SWS2,AB087809.1_G109A,417.0,416.2034090095337,-0.7965909904663135
S223,Mus_musculus,UVS,NP_031564.1_S145N,359.0,358.65535963661705,-0.34464036338295045
S202,"Homo,Mus_sapiens,musculus",SWS,AH003620.2_1_146-NP_031564.1_147_346,414.0,407.04684283919676,-6.953157160803244
S258,Chlamydera_nuchalis,SWS1,CNUCHCUSTOM_C86F_S90C,363.0,351.5320323402415,-11.467967659758472
