Base Model R^2	MAE	MAPE	SQE	RSQE
0.9996239517854988	0.621556552901584	0.001349948643679208	1.1252774334323161	1.0607909470919876