Base Model R^2	MAE	MAPE	SQE	RSQE
0.9766405719339808	5.267851903474792	0.011860632656167555	73.70568568848861	8.585201552001479