Base Model R^2	MAE	MAPE	SQE	RSQE
0.8546261489835693	8.545355700965704	0.02234759343034773	124.72052985298613	11.167834608955584