Base Model R^2	MAE	MAPE	SQE	RSQE
0.9622226255612214	5.537170695447261	0.01282002100457821	158.9519410634293	12.60761440810391