,Species,Opsin_Family,Accession,Lambda_Max,Prediction,Difference
S11,Homo_sapiens,LWS,AH005296.2,530.0,530.0218894613006,0.021889461300588664
S9,Taeniopygia_guttata,LWS,AF222333.1,560.0,559.8537345307848,-0.14626546921522277
S32,Platynereis_dumerilii,LWS,AY692353.1_K94S,491.0,460.0813132538461,-30.918686746153924
S62,lwsanc_pigmentz_sp.,LWS,lwsanc_pigmentz_H294N,533.0,531.2652153873634,-1.7347846126366449
S91,lwsancestor_pigmentd,LWS,lwsancestor_pigmentd_S180A_Y277F_T285A,532.0,532.2259748127153,0.2259748127153216
S55,lwsanc_pigmenty_sp.,LWS,lwsanc_pigmenty,553.0,553.313929399538,0.31392939953798304
S27,Poecilia_reticulata,LWS2,LC127183,516.0,516.5450340812687,0.5450340812686818
S15,Mus_musculus,MWS,AF011389.1,508.0,508.02285510875305,0.02285510875304908
S26,Poecilia_reticulata,LWS1,AB748984,562.0,564.9637401387834,2.9637401387833506
S59,lwsanc_pigmenty_sp.,LWS,lwsanc_pigmenty_I274V,554.0,553.313929399538,-0.686070600462017
S77,Saimiri_sciureus,LWS,AH006281_F232I_G236S,559.0,557.3002968589883,-1.699703141011696
S82,lwsancestor_pigmentd,LWS,lwsancestor_pigmentd_A308S,527.0,529.6522131530932,2.6522131530931574
S4,Carassius_auratus,LWS,L11867.1,562.8,555.2056498557915,-7.59435014420842
S84,lwsancestor_pigmentd,LWS,lwsancestor_pigmentd_ S180A_Y277F,545.0,547.4757093065414,2.4757093065413756
S57,lwsanc_pigmentx_sp.,LWS,lwsanc_pigmentx_A180S,533.0,532.8431304653421,-0.1568695346578579
