Base Model R^2	MAE	MAPE	SQE	RSQE
0.839841589273497	3.4772050473559526	0.007060049881993164	69.49662092499663	8.336463334352082