Base Model R^2	MAE	MAPE	SQE	RSQE
0.9458021535823639	5.0270616015017255	0.01300992858307992	46.497936697943985	6.818939558167676