,Species,Opsin_Family,Accession,Lambda_Max,Prediction,Difference
S2,Papilio_xuthus,Rh1,AB007423.1,540.0,542.7037849603133,2.703784960313328
S75,Danaus_plexippus,IV-Rh1,AY605544,439.0,439.29873131784257,0.29873131784256657
S7,Papilio_xuthus,"Rh1,Rh3",AB007423.1_1_58-AB007425.1_59_83-AB007423.1_84_91-AB007425.1_92_114-AB007423.1_115_129-AB007425.1_130_152-AB007423.1_153_173-AB007425.1_174_190-AB007423.1_191_217-AB007425.1_218_241-AB007423.1_242_379,565.0,567.0159271806424,2.015927180642393
S68,Pecten_maximus,Rtc,XM_033877948.1_L204M_W211Y_A216V,505.0,501.3522317083754,-3.6477682916245726
S41,Eumaeus_atala,BRh1,MN831881.1_A118S_G177S_Y179F,508.0,494.2747710185509,-13.725228981449106
S66,Pecten_maximus,Rtc,XM_033877948.1_L204M_W211Y,500.0,501.3522317083754,1.3522317083754274
S37,Eumaeus_atala,BRh1,MN831881.1_A118S_G177S,527.0,494.2747710185509,-32.725228981449106
S15,Papilio_xuthus,"Rh1,Rh3",AB007423.1_1_91-AB007425.1_92_114-AB007423.1_115_173-AB007425.1_174_190-AB007423.1_191_217-AB007425.1_218_241-AB007423.1_242_280-AB007425.1_281_303-AB007423.1_304_313-AB007425.1_314_339-AB007423.1_340_379,550.0,553.5634048908419,3.5634048908418663
S8,Papilio_xuthus,"Rh1,Rh3",AB007423.1_1_58-AB007425.1_59_83-AB007423.1_84_91-AB007425.1_92_114-AB007423.1_115_129-AB007425.1_130_152-AB007423.1_153_173-AB007425.1_174_190-AB007423.1_191_217-AB007425.1_218_241-AB007423.1_242_280-AB007425.1_281_303-AB007423.1_304_379,569.0,567.0159271806424,-1.984072819357607
S38,Eumaeus_atala,BRh1,MN831881.1_A118S_Y179F,526.0,511.4556809853869,-14.544319014613109
S59,Argopecten_irradians,Rtc,KX550908.1_Y211W_V216A,515.0,515.8439207507579,0.8439207507578885
S55,Argopecten_irradians,Rtc,KX550908.1_Y211W,509.0,515.8439207507579,6.8439207507578885
S10,Papilio_xuthus,"Rh1,Rh3",AB007423.1_1_58-AB007425.1_59_83-AB007423.1_84_129-AB007425.1_130_152-AB007423.1_153_379,558.0,554.6911319830715,-3.3088680169285
S92,Neogonodactylus_oerstedii,IV-LWS,MT112877,539.0,538.9999999999984,-1.5916157281026244e-12
S44,Eumaeus_atala,BRh1,MN831881.1_A118S_Y179F_I207C_F208C,526.0,511.4556809853869,-14.544319014613109
