Base Model R^2	MAE	MAPE	SQE	RSQE
0.878984068248101	6.806781778637871	0.013389778266167178	118.94198760596416	10.906052796771348