,Species,Opsin_Family,Accession,Lambda_Max,Prediction,Difference
S47,Pieris_rapae,PrB,AB208675.1,450.0,439.0689323950951,-10.93106760490491
S41,Eumaeus_atala,BRh1,MN831881.1_A118S_G177S_Y179F,508.0,498.3222589495403,-9.677741050459701
S71,Limenitis_a.astyanax,IV-Rh1,AY918902.2_K201R,429.0,438.862516199217,9.862516199216998
S97,Macroglossum_stellatarum,IV-LWS,KF539444,532.0,551.2107800924655,19.210780092465484
S94,Sympetrum_frequens,IV-LWS,LC009064,542.0,546.2922061688703,4.29220616887028
S14,Papilio_xuthus,"Rh1,Rh3",AB007423.1_1_58-AB007425.1_59_83-AB007423.1_84_91-AB007425.1_92_114-AB007423.1_115_173-AB007425.1_174_190-AB007423.1_191_217-AB007425.1_218_241-AB007423.1_242_280-AB007425.1_281_303-AB007423.1_304_313-AB007425.1_314_339-AB007423.1_340_379,556.0,559.1518758170699,3.1518758170699357
S85,Chrysochroa_mniszechii,IV-LWS,OP722949.1,572.0,551.4445042995678,-20.555495700432175
S90,Chrysochroa_rajah,IV-LWS,OP722948.1_V211C,511.0,512.5349304696915,1.534930469691517
S20,Papilio_xuthus,"Rh1,Rh3",AB007423.1_1_58-AB007425.1_59_83-AB007423.1[F120Y]_84_379,547.0,547.6460219910272,0.646021991027169
S13,Papilio_xuthus,"Rh1,Rh3",AB007423.1_1_91-AB007425.1_92_114-AB007423.1_115_129-AB007425.1_130_152-AB007423.1_153_173-AB007425.1_174_190-AB007423.1_191_217-AB007425.1_218_241-AB007423.1_242_280-AB007425.1_281_303-AB007423.1_304_313-AB007425.1_314_339-AB007423.1_340_379,566.0,561.1146612733586,-4.8853387266414074
S2,Papilio_xuthus,Rh1,AB007423.1,540.0,548.2214168413633,8.221416841363293
S81,Chrysochroa_mniszechii,IV-UVS,OP722932.1,357.0,424.3473088574798,67.34730885747979
S1,Papilio_xuthus,Rh3,AB007425.1,571.0,565.3016913107996,-5.698308689200417
S70,Limenitis_a.astyanax,IV-Rh1,AY918902.2_I169F,430.0,438.862516199217,8.862516199216998
S93,Neogonodactylus_oerstedii,IV-LWS,MT112883,611.0,490.1577273351269,-120.84227266487312
