Base Model R^2	MAE	MAPE	SQE	RSQE
0.6917681252584184	19.714653138194212	0.04105389916605793	1364.941156038981	36.94511004231793