Base Model R^2	Base Model MAE	Base Model MAPE	Base Model SQE	Base Model RSQE
0.7563832991661776	10.351644594280934	0.019303064552244148	267.7301647437292	16.362462062407637