Base Model R^2	Base Model MAE	Base Model MAPE	Base Model SQE	Base Model RSQE
0.97635832233909	5.673792913846919	0.012955058491898763	99.84944351697025	9.992469340306743