,Accuracy,AUC,F1,Recall,Precision
gbc,0.35642857142857143,0.6798977022777898,0.34055834791283707,0.3687301587301587,0.3678498723498723
et,0.3565079365079365,0.637239468694853,0.3395651911839824,0.3689516594516594,0.35600111000111
lg,0.3538095238095238,0.6866440951973501,0.33882558325747186,0.37369047619047613,0.36219844044844046
Adaboost,0.35373015873015873,0.6460494873076822,0.33376347352562186,0.3673997113997114,0.38347775616196667
rf,0.35055555555555556,0.6703393316832799,0.3333336446834899,0.3644992784992785,0.3549895104895105
xgb,0.35365079365079366,0.6699679385378727,0.3327589586196397,0.35584271284271285,0.36712629037629035
lgbm,0.3480952380952381,0.6796912082041141,0.32831293852346477,0.35915079365079355,0.35003538128538125
dt,0.3396031746031746,0.6243313240943775,0.3167871667719965,0.35340548340548333,0.32770018870018874
