Base Model R^2	MAE	MAPE	SQE	RSQE
0.9378932993412242	2.5233405471588775	0.005142215418813958	10.943075448967761	3.3080319600886208