Base Model R^2	MAE	MAPE	SQE	RSQE
0.9780431632475035	5.908270001620028	0.013502441028515904	77.5145546190845	8.804235038836964
MSP Model Test R^2	MAE	MAPE	SQE	RSQE
0.15752782153833156	51.784739359964426	0.11100675619874563	4524.135211354909	67.26169200484708